-- phpMyAdmin SQL Dump
-- version 4.7.7
-- https://www.phpmyadmin.net/
--
-- Host: localhost
-- Generation Time: Jul 05, 2018 at 09:56 PM
-- Server version: 10.1.30-MariaDB
-- PHP Version: 7.0.27

SET SQL_MODE = "NO_AUTO_VALUE_ON_ZERO";
SET AUTOCOMMIT = 0;
START TRANSACTION;
SET time_zone = "+00:00";


/*!40101 SET @OLD_CHARACTER_SET_CLIENT=@@CHARACTER_SET_CLIENT */;
/*!40101 SET @OLD_CHARACTER_SET_RESULTS=@@CHARACTER_SET_RESULTS */;
/*!40101 SET @OLD_COLLATION_CONNECTION=@@COLLATION_CONNECTION */;
/*!40101 SET NAMES utf8mb4 */;

--
-- Database: `financas`
--

-- --------------------------------------------------------

--
-- Table structure for table `tb_base_despesa`
--

CREATE TABLE `tb_base_despesa` (
  `bdp_id` int(11) NOT NULL,
  `bdp_descricao` varchar(50) NOT NULL,
  `bdp_tipo` char(1) NOT NULL COMMENT 'I=Investimento; F=Fixas; V=Variáveis',
  `bdp_contabiliza` tinyint(1) NOT NULL DEFAULT '1',
  `bdp_ativo` tinyint(1) NOT NULL DEFAULT '1'
) ENGINE=InnoDB DEFAULT CHARSET=utf8;

--
-- Dumping data for table `tb_base_despesa`
--

INSERT INTO `tb_base_despesa` (`bdp_id`, `bdp_descricao`, `bdp_tipo`, `bdp_contabiliza`, `bdp_ativo`) VALUES
(1, 'Água', 'F', 1, 1),
(2, 'Aluguel', 'F', 1, 1),
(3, 'Cachorros', 'V', 1, 1),
(4, 'Carla', 'V', 1, 1),
(5, 'Carro', 'V', 1, 1),
(6, 'Casa', 'V', 1, 1),
(7, 'Combustível', 'V', 1, 1),
(8, 'Compras', 'V', 1, 1),
(9, 'Condomínio', 'F', 1, 1),
(10, 'Construção', 'V', 1, 1),
(11, 'Consultas', 'I', 1, 1),
(12, 'Contribuição', 'V', 1, 1),
(13, 'Dentista', 'I', 1, 1),
(14, 'Energia', 'F', 1, 1),
(15, 'Farmácia', 'V', 1, 1),
(16, 'Faxina', 'V', 1, 1),
(17, 'Férias', 'V', 1, 1),
(18, 'Financiamento', 'F', 1, 1),
(19, 'INSS', 'F', 1, 1),
(20, 'Internet', 'F', 1, 1),
(21, 'IPTU', 'F', 1, 1),
(22, 'IRRF', 'F', 1, 1),
(23, 'Lazer', 'V', 1, 1),
(24, 'Mercado', 'V', 1, 1),
(25, 'Não Contabilizar', 'V', 0, 1),
(26, 'Outros Gastos Fixos', 'F', 1, 1),
(27, 'Parcelas', 'F', 1, 1),
(28, 'Plano de Saúde', 'I', 1, 1),
(29, 'Presentes', 'V', 1, 1),
(30, 'Renda', 'V', 1, 1),
(31, 'Reserva de Emergência', 'I', 1, 1),
(32, 'Roupas', 'V', 1, 1),
(33, 'Seguro Casa', 'I', 1, 1),
(34, 'Seguro Carro', 'I', 1, 1),
(35, 'Seguro de Vida', 'I', 1, 1),
(36, 'Seguros', 'F', 1, 1),
(37, 'Sites', 'V', 1, 1),
(38, 'Tarifas', 'V', 1, 1),
(39, 'Telefone', 'V', 1, 1),
(40, 'Transferência', 'V', 0, 1),
(41, 'TV a Cabo', 'F', 1, 1);

-- --------------------------------------------------------

--
-- Table structure for table `tb_conta`
--

CREATE TABLE `tb_conta` (
  `con_id` int(11) NOT NULL,
  `con_nome` varchar(50) NOT NULL,
  `con_sigla` varchar(4) NOT NULL,
  `con_data_saldo` date NOT NULL,
  `con_saldo_inicial` double NOT NULL DEFAULT '0',
  `con_ativo` tinyint(1) NOT NULL DEFAULT '1'
) ENGINE=InnoDB DEFAULT CHARSET=utf8;

--
-- Dumping data for table `tb_conta`
--

INSERT INTO `tb_conta` (`con_id`, `con_nome`, `con_sigla`, `con_data_saldo`, `con_saldo_inicial`, `con_ativo`) VALUES
(1, 'Santander', 'SANT', '2018-02-01', 10, 1),
(2, 'Caixa', 'CX', '2018-02-01', 628.8, 1),
(3, 'Casa', 'CASA', '2018-02-01', 0, 1),
(4, 'Banco Brasil', 'BB', '2018-02-01', 422.98, 1),
(5, 'Poupança Santander', 'POUP', '2018-02-01', 2494.13, 1);

-- --------------------------------------------------------

--
-- Table structure for table `tb_lancamento`
--

CREATE TABLE `tb_lancamento` (
  `lan_id` int(11) NOT NULL,
  `lan_despesa` varchar(60) NOT NULL,
  `lan_tipo` char(1) NOT NULL COMMENT 'R=Receita; D=Despesa; T=Transferência',
  `lan_parcela` varchar(12) DEFAULT NULL,
  `lan_vencimento` date NOT NULL,
  `lan_valor` double NOT NULL,
  `lan_categoria` int(11) NOT NULL,
  `lan_pagamento` date DEFAULT NULL,
  `lan_valor_pago` double DEFAULT NULL,
  `lan_conta` int(11) DEFAULT NULL,
  `lan_observacao` text
) ENGINE=InnoDB DEFAULT CHARSET=utf8;

--
-- Dumping data for table `tb_lancamento`
--

INSERT INTO `tb_lancamento` (`lan_id`, `lan_despesa`, `lan_tipo`, `lan_parcela`, `lan_vencimento`, `lan_valor`, `lan_categoria`, `lan_pagamento`, `lan_valor_pago`, `lan_conta`, `lan_observacao`) VALUES
(10, 'Dinheiro Carla', 'D', NULL, '2018-05-01', 3, 4, '2018-05-01', 3, 3, NULL),
(11, 'Transf. De Casa', 'T', NULL, '2018-05-02', 1000, 40, '2018-05-02', 1000, 1, NULL),
(12, 'Transf. Para Sant', 'T', NULL, '2018-05-02', -1000, 40, '2018-05-02', -1000, 3, NULL),
(13, 'IOF Imposto', 'D', NULL, '2018-05-02', 0.87, 38, '2018-05-02', 0.87, 1, NULL),
(14, 'IOF Adicional', 'D', NULL, '2018-05-02', 6.74, 38, '2018-05-02', 6.74, 1, NULL),
(15, 'TED William - IPTU', 'R', NULL, '2018-05-03', 60, 25, '2018-05-03', 60, 4, NULL),
(16, 'Combustível', 'D', NULL, '2018-05-04', 50, 7, '2018-05-04', 50, 1, NULL),
(17, 'IPTU William', 'D', NULL, '2018-05-04', 60.79, 25, '2018-05-04', 60.79, 4, NULL),
(18, 'Assistência Odontológica', 'D', NULL, '2018-05-04', 36.6, 13, '2018-05-04', 36.6, 3, NULL),
(19, 'Seguro de Vida', 'D', NULL, '2018-05-04', 5, 35, '2018-05-04', 5, 3, NULL),
(20, 'Desconto Vale Refeição', 'D', NULL, '2018-05-04', 48.3, 26, '2018-05-04', 48.3, 3, NULL),
(21, 'Assistência Médica', 'D', NULL, '2018-05-04', 182.79, 28, '2018-05-04', 182.79, 3, NULL),
(22, 'IRRF', 'D', NULL, '2018-05-04', 39.14, 22, '2018-05-04', 39.14, 3, NULL),
(23, 'INSS', 'D', NULL, '2018-05-04', 323.26, 19, '2018-05-04', 323.26, 3, NULL),
(24, 'Coparticipação Plano Saúde', 'D', NULL, '2018-05-04', 12, 11, '2018-05-04', 12, 3, NULL),
(25, 'Salário Dia 5', 'R', NULL, '2018-05-04', 1763.09, 30, '2018-05-04', 1763.09, 3, NULL),
(26, 'Parafusos - ConstruCenter', 'D', NULL, '2018-05-04', 7, 10, '2018-05-04', 7, 1, NULL),
(27, 'Mulkshake - Chiquinho', 'D', NULL, '2018-05-04', 9, 23, '2018-05-04', 9, 1, NULL),
(28, 'Transf. De Casa', 'T', NULL, '2018-05-04', 1100, 40, '2018-05-04', 1100, 1, NULL),
(29, 'Transf. Para Sant', 'T', NULL, '2018-05-04', -1100, 40, '2018-05-04', -1100, 3, NULL),
(30, 'São Vicente', 'D', NULL, '2018-05-04', 80.44, 24, '2018-05-04', 80.44, 1, NULL),
(31, 'Sorvete Churros', 'D', NULL, '2018-05-05', 40, 23, '2018-05-05', 40, 1, NULL),
(32, 'Rendimento Poupança', 'R', NULL, '2018-05-07', 0.49, 30, '2018-05-07', 0.49, 5, NULL),
(33, 'Transf. De Poup', 'T', NULL, '2018-05-07', 47.03, 40, '2018-05-07', 47.03, 1, NULL),
(34, 'Transf. Para Sant', 'T', NULL, '2018-05-07', -47.03, 40, '2018-05-07', -47.03, 5, NULL),
(35, 'TED Amanda', 'D', NULL, '2018-05-07', 50, 29, '2018-05-07', 50, 1, NULL),
(36, 'Auriculoterapia - Gabi', 'D', NULL, '2018-05-07', 45, 4, '2018-05-07', 45, 3, NULL),
(37, 'Tarifa TED', 'D', NULL, '2018-05-08', 9.4, 38, '2018-05-08', 9.4, 1, NULL),
(38, 'IPTU - Boer', 'D', NULL, '2018-05-09', 48.71, 21, '2018-05-09', 48.71, 1, NULL),
(39, 'CPFL - Boer', 'D', NULL, '2018-05-09', 81.29, 14, '2018-05-09', 81.29, 1, NULL),
(40, 'Cartão Vegas', 'R', NULL, '2018-05-09', 130, 30, '2018-05-09', 130, 3, NULL),
(41, 'São Vicente', 'D', NULL, '2018-05-09', 130, 24, '2018-05-09', 130, 3, NULL),
(42, 'São Vicente', 'D', NULL, '2018-05-09', 46.66, 24, '2018-05-09', 46.66, 1, NULL),
(43, 'Almoço BK - Correios', 'D', NULL, '2018-05-09', 19.9, 24, '2018-05-09', 19.9, 1, NULL),
(44, 'Salário Dia 10', 'R', NULL, '2018-05-10', 3300, 30, '2018-05-09', 3300, 3, NULL),
(45, 'Marmoraria - Pia Cozinha', 'D', '2 de 4', '2018-05-07', 200, 27, '2018-05-10', 200, 1, NULL),
(46, 'Condomínio', 'D', '5 de 12', '2018-05-10', 416.85, 9, '2018-05-10', 416.85, 1, NULL),
(47, 'Boleto Uninter - Pós', 'D', '2 de 17', '2018-05-10', 268, 27, '2018-05-10', 268, 1, NULL),
(48, 'Transf. De Casa', 'T', NULL, '2018-05-10', 3300, 40, '2018-05-10', 3300, 1, NULL),
(49, 'Transf. Para Sant', 'T', NULL, '2018-05-10', -3300, 40, '2018-05-10', -3300, 3, NULL),
(50, 'Combustível - Posto Vip', 'D', NULL, '2018-05-10', 60, 7, '2018-05-10', 60, 1, NULL),
(51, 'Déb Cesta', 'D', NULL, '2018-05-10', 12.1, 38, '2018-05-10', 12.1, 2, NULL),
(52, 'DAE - Liberty Gardens', 'D', '5 de 12', '2018-05-12', 41.6, 1, '2018-05-11', 41.6, 1, NULL),
(53, 'Recarga Tim - Leandro', 'D', NULL, '2018-05-11', 20, 39, '2018-05-11', 20, 1, NULL),
(54, 'Suco Laranja - Futebol', 'D', NULL, '2018-05-11', 4.5, 24, '2018-05-11', 4.5, 1, NULL),
(55, 'Futebol Wal', 'D', NULL, '2018-05-11', 26, 23, '2018-05-11', 26, 3, NULL),
(56, 'Combustível - Montana', 'D', NULL, '2018-05-12', 20, 7, '2018-05-12', 20, 1, NULL),
(57, 'São Vicente', 'D', NULL, '2018-05-13', 61.29, 24, '2018-05-13', 61.29, 1, NULL),
(58, 'CPFL - Liberty Gardens', 'D', '5 de 12', '2018-05-14', 28.92, 14, '2018-05-14', 28.92, 1, NULL),
(59, 'Almoço Mc - Nota Fiscal', 'D', NULL, '2018-05-15', 19.9, 24, '2018-05-15', 19.9, 1, NULL),
(60, 'Tarifa Pacote Serviço', 'D', NULL, '2018-05-15', 12.4, 38, '2018-05-15', 12.4, 4, NULL),
(61, '[MAG] Talita Andrare - Mesa Cozinha', 'D', '1 de 3', '2018-05-16', 200, 10, '2018-05-16', 200, 1, NULL),
(62, '[MAG] Combustível - Posto Vip', 'D', NULL, '2018-05-16', 50, 7, '2018-05-16', 50, 1, NULL),
(63, '[MAG] La Bambina', 'D', NULL, '2018-05-16', 16.35, 24, '2018-05-16', 16.35, 1, NULL),
(64, '[MAG] D D V III EMPRESA ALIM', 'D', NULL, '2018-05-16', 41.7, 8, '2018-05-16', 41.7, 1, NULL),
(65, '[MAG] Spani Atacadista', 'D', NULL, '2018-05-16', 97.81, 24, '2018-05-16', 97.81, 1, NULL),
(66, '[MAG] Dicico', 'D', NULL, '2018-05-16', 83.6, 10, '2018-05-16', 83.6, 1, NULL),
(67, '[MAG] Rei de Pastel', 'D', NULL, '2018-05-16', 64.3, 23, '2018-05-16', 64.3, 1, NULL),
(68, '[MAG] Serra Corte - ML', 'D', '2 de 6', '2018-05-16', 18.32, 27, '2018-05-16', 18.12, 1, NULL),
(69, '[MAG] [CALGARY] Aeroméxico', 'D', '5 de 11', '2018-05-16', 269.25, 27, '2018-05-16', 269.25, 1, NULL),
(70, '[MAG] HS Carolina HO', 'D', NULL, '2018-05-16', 37.45, 27, '2018-05-16', 37.45, 1, NULL),
(71, '[MAG] Lojas KD', 'D', '3 de 10', '2018-05-16', 163, 27, '2018-05-16', 163, 1, NULL),
(72, '[MAG] Taty Utilidades', 'D', NULL, '2018-05-16', 70.84, 27, '2018-05-16', 70.82, 1, NULL),
(73, '[MAG] Lopes Comércio - Tintas', 'D', NULL, '2018-05-16', 120, 27, '2018-05-16', 120, 1, NULL),
(74, '[MAG] Etecnogás', 'D', NULL, '2018-05-16', 255, 27, '2018-05-16', 255, 1, NULL),
(75, '[MAG] Parcela de Anuidade', 'D', NULL, '2018-05-16', 9.99, 38, '2018-05-16', 9.99, 1, NULL),
(76, '[MAG] Agropets Mineiro', 'D', NULL, '2018-05-16', 80.9, 3, '2018-05-16', 80.9, 1, NULL),
(77, '[MAG] Farmalice Total', 'D', NULL, '2018-05-16', 34.71, 15, '2018-05-16', 34.71, 1, NULL),
(78, '[MAG] Kalunga SOB', 'D', NULL, '2018-05-16', 43.3, 10, '2018-05-16', 43.3, 1, NULL),
(79, '[MAG] Bandini', 'D', '1 de 3', '2018-05-16', 55.95, 10, '2018-05-16', 55.95, 1, NULL),
(80, '[MAG] Combustível - Centra Saudade', 'D', NULL, '2018-05-16', 70, 7, '2018-05-16', 70, 1, NULL),
(81, '[MAG] Envio Mens. Automática', 'D', NULL, '2018-05-16', 5.5, 38, '2018-05-16', 5.5, 1, NULL),
(82, 'Corte Cabelo - Gabriel', 'D', NULL, '2018-05-16', 25, 8, '2018-05-16', 25, 1, NULL),
(83, 'Lava Carro - Shell', 'D', NULL, '2018-05-16', 14.9, 5, '2018-05-16', 14.9, 1, NULL),
(84, 'Produtos Lucia', 'R', NULL, '2018-05-17', 12, 30, '2018-05-17', 12, 3, NULL),
(85, 'Combustível', 'D', NULL, '2018-05-18', 30.03, 7, '2018-05-18', 30.03, 1, NULL),
(86, 'Combustível', 'D', NULL, '2018-05-18', 50, 7, '2018-05-18', 50, 1, NULL),
(87, 'Salário Dia 20', 'R', NULL, '2018-05-18', 1176, 30, '2018-05-18', 1176, 3, NULL),
(88, 'Esfiha - Fabiana', 'D', NULL, '2018-05-19', 50.96, 23, '2018-05-19', 50.96, 1, NULL),
(89, 'Valdete - Mesa', 'R', NULL, '2018-05-19', 113, 30, '2018-05-19', 113, 3, NULL),
(90, 'Depósito Mãe (Pia + DAE)', 'R', NULL, '2018-05-21', 150, 30, '2018-05-21', 150, 1, NULL),
(91, '[NUB] Drogaria SP', 'D', NULL, '2018-05-20', 48.87, 15, '2018-05-21', 48.88, 1, NULL),
(92, '[NUB] Droga Raia', 'D', NULL, '2018-05-20', 57.8, 15, '2018-05-21', 57.8, 1, NULL),
(93, '[NUB] Netflix', 'D', NULL, '2018-05-20', 27.9, 41, '2018-05-21', 27.9, 1, NULL),
(94, '[NUB] Universo Online', 'D', NULL, '2018-05-20', 49.99, 37, '2018-05-21', 49.99, 1, NULL),
(95, '[NUB] Padovani - Remédios', 'D', '1 de 3', '2018-05-20', 35.24, 3, '2018-05-21', 35.24, 1, NULL),
(96, '[NUB] Mercado Livre - Cabo iPhone', 'D', '1 de 6', '2018-05-20', 6.61, 8, '2018-05-21', 6.61, 1, NULL),
(97, '[NUB] Bandini - Filtro Pia', 'D', NULL, '2018-05-20', 50.3, 10, '2018-05-21', 50.3, 1, NULL),
(98, '[NUB] Water Cooler - ML', 'D', NULL, '2018-05-20', 49.62, 27, '2018-05-21', 49.62, 1, NULL),
(99, '[NUB] Eduk Cursos Online', 'D', NULL, '2018-05-20', 29.9, 27, '2018-05-21', 29.9, 1, NULL),
(100, '[NUB] W1 Finance', 'D', NULL, '2018-05-20', 148.58, 27, '2018-05-21', 148.58, 1, NULL),
(101, '[NUB] W1 Finance - Bola', 'D', NULL, '2018-05-20', 52.75, 25, '2018-05-21', 52.75, 1, NULL),
(102, '[NUB] Geladeira - Ponto Frio', 'D', '7 de 10', '2018-05-20', 189.9, 27, '2018-05-21', 189.9, 1, NULL),
(103, '[NUB] Deckstore', 'D', NULL, '2018-05-20', 42.31, 27, '2018-05-21', 42.31, 1, NULL),
(104, '[NUB] Techshop - Cooktop', 'D', '3 de 5', '2018-05-20', 72.68, 27, '2018-05-21', 72.68, 1, NULL),
(105, '[NUB] About Home - Bancada', 'D', NULL, '2018-05-20', 72.18, 27, '2018-05-21', 72.18, 1, NULL),
(106, '[NUB] Lojas KD - Móveis', 'D', '3 de 10', '2018-05-20', 186.58, 27, '2018-05-21', 186.58, 1, NULL),
(107, '[NUB] Bandini - Pia Banheiro', 'D', '2 de 6', '2018-05-20', 136.11, 27, '2018-05-21', 136.11, 1, NULL),
(108, '[NUB] Lustre - Etna', 'D', NULL, '2018-05-20', 49.99, 10, '2018-05-21', 49.99, 1, NULL),
(109, '[NUB] MTG - Eduardo Leme', 'D', NULL, '2018-05-20', 25.63, 23, '2018-05-21', 25.63, 1, NULL),
(110, '[NUB] Shopping da Utilidade', 'D', NULL, '2018-05-20', 46.48, 10, '2018-05-21', 46.48, 1, NULL),
(111, '[NUB] Pizza - iFood', 'D', NULL, '2018-05-20', 47.5, 23, '2018-05-21', 47.5, 1, NULL),
(112, '[NUB] Burguer King', 'D', NULL, '2018-05-20', 27, 24, '2018-05-21', 27, 1, NULL),
(113, '[NUB] Spotify', 'D', NULL, '2018-05-20', 26.9, 20, '2018-05-21', 26.9, 1, NULL),
(114, '[NUB] Uol', 'D', NULL, '2018-05-20', 24.14, 37, '2018-05-21', 24.14, 1, NULL),
(115, '[NUB] Spani Atacadista', 'D', NULL, '2018-05-20', 61.41, 24, '2018-05-21', 61.41, 1, NULL),
(116, '[NUB] Combustível - Apolo', 'D', NULL, '2018-05-20', 50, 7, '2018-05-21', 50, 1, NULL),
(117, '[NUB] Avalon - Pré Release', 'D', NULL, '2018-05-20', 52.26, 23, '2018-05-21', 52.26, 1, NULL),
(118, '[NUB] São Vicente', 'D', NULL, '2018-05-20', 57.1, 24, '2018-05-21', 57.1, 1, NULL),
(119, '[NUB] Mercado Livre - Varal', 'D', '1 de 6', '2018-05-20', 14.8, 6, '2018-05-21', 14.8, 1, NULL),
(120, '[NUB] Mercado Livre - Gabinete PC', 'D', '1 de 10', '2018-05-20', 13.61, 8, '2018-05-21', 13.61, 1, NULL),
(121, '[NUB] Variação Cambial', 'D', NULL, '2018-05-20', 0.35, 38, '2018-05-21', 0.35, 1, NULL),
(122, '[NUB] Mercado Livre - Repetidor', 'D', '1 de 4', '2018-05-20', 11.99, 8, '2018-05-21', 11.99, 1, NULL),
(123, '[NUB] Supermercado São Vicente', 'D', NULL, '2018-05-20', 63.69, 24, '2018-05-21', 63.69, 1, NULL),
(124, '[NUB] iFood - Pizza', 'D', NULL, '2018-05-20', 41.5, 23, '2018-05-21', 41.5, 1, NULL),
(125, '[NUB] Supermercado São Vicente', 'D', NULL, '2018-05-20', 148.72, 24, '2018-05-21', 148.72, 1, NULL),
(126, '[NUB] Burguer King', 'D', NULL, '2018-05-20', 32.5, 23, '2018-05-21', 32.5, 1, NULL),
(127, 'Vivo Fibra - SOB', 'D', '5 de 12', '2018-05-25', 126.36, 20, '2018-05-21', 126.36, 1, NULL),
(128, 'Vivo Fibra - Boer', 'D', NULL, '2018-05-21', 119.4, 20, '2018-05-21', 119.4, 1, NULL),
(129, 'Transf. De Casa', 'T', NULL, '2018-05-22', 718, 40, '2018-05-22', 718, 1, NULL),
(130, 'Transf. Para Sant', 'T', NULL, '2018-05-22', -718, 40, '2018-05-22', -718, 3, NULL),
(131, 'Transf. De Casa', 'T', NULL, '2018-05-22', 310, 40, '2018-05-22', 310, 2, NULL),
(132, 'Transf. Para Caixa', 'T', NULL, '2018-05-22', -310, 40, '2018-05-22', -310, 3, NULL),
(133, 'Transf. De Casa', 'T', NULL, '2018-05-22', 360, 40, '2018-05-22', 360, 4, NULL),
(134, 'Transf. Para BB', 'T', NULL, '2018-05-22', -360, 40, '2018-05-22', -360, 3, NULL),
(135, 'Combustível - Xodó', 'D', NULL, '2018-05-22', 80, 7, '2018-05-22', 80, 1, NULL),
(136, 'Cabo Rede', 'D', NULL, '2018-05-23', 31.66, 10, '2018-05-23', 31.66, 1, NULL),
(137, 'Lojas Americanas', 'D', NULL, '2018-05-23', 5.48, 24, '2018-05-23', 5.48, 1, NULL),
(138, 'Tarifa Extrato Consolidado', 'D', NULL, '2018-05-23', 4.8, 38, '2018-05-23', 4.8, 1, NULL),
(139, 'Auriculoterapia - Gabi', 'D', NULL, '2018-05-23', 46, 4, '2018-05-23', 46, 3, NULL),
(140, 'São Vicente', 'D', NULL, '2018-05-24', 15.61, 24, '2018-05-24', 15.61, 1, NULL),
(141, 'São Vicente', 'D', NULL, '2018-05-24', 9.35, 24, '2018-05-24', 9.35, 1, NULL),
(142, 'Farmácia - Carla', 'D', NULL, '2018-05-24', 12.8, 15, '2018-05-24', 12.8, 3, NULL),
(143, 'Sem Parar', 'D', '5 de 12', '2018-05-26', 22.41, 26, '2018-05-25', 22.41, 1, NULL),
(144, 'São Vicente', 'D', NULL, '2018-05-27', 19.65, 24, '2018-05-27', 19.65, 1, NULL),
(145, 'Empréstimo BB Fiesta', 'D', '35 de 48', '2018-05-27', 353.99, 18, '2018-05-28', 353.99, 4, NULL),
(146, 'Prest Habitação', 'D', '11 de 360', '2018-05-28', 285.07, 18, '2018-05-28', 285.07, 2, NULL),
(147, 'Recebimento Diversos - Cartão', 'R', NULL, '2018-05-30', 159.8, 30, '2018-05-30', 159.8, 3, NULL),
(195, 'Combustível', 'D', NULL, '2018-02-01', 170, 7, '2018-02-01', 170, 3, '7'),
(196, 'IOF Imposto', 'D', NULL, '2018-02-01', 0.63, 38, '2018-02-01', 0.63, 1, '38'),
(197, 'IOF Adicional', 'D', NULL, '2018-02-01', 10.6, 38, '2018-02-01', 10.6, 1, '38'),
(198, 'Transf. Para SANT', 'T', NULL, '2018-02-02', -400, 40, '2018-02-02', -400, 4, '40'),
(199, 'INSS', 'D', NULL, '2018-02-02', 323.26, 19, '2018-02-02', 323.26, 3, '19'),
(200, 'IRFF', 'D', NULL, '2018-02-02', 39.14, 22, '2018-02-02', 39.14, 3, '22'),
(201, 'Assistência Médica', 'D', NULL, '2018-02-02', 182.79, 28, '2018-02-02', 182.79, 3, '28'),
(202, 'Desc. Vale Refeição', 'D', NULL, '2018-02-02', 50.6, 26, '2018-02-02', 50.6, 3, '26'),
(203, 'Seguro de Vida', 'D', NULL, '2018-02-02', 5, 35, '2018-02-02', 5, 3, '35'),
(204, 'Assistência Odontológica', 'D', NULL, '2018-02-02', 36.6, 13, '2018-02-02', 36.6, 3, '13'),
(205, 'Coparticipação Médica', 'D', NULL, '2018-02-02', 12, 11, '2018-02-02', 12, 3, '11'),
(206, 'Salário Dia 5', 'R', NULL, '2018-02-02', 1762.39, 30, '2018-02-02', 1762.39, 3, '30'),
(207, 'Sorvete Skimoni', 'D', NULL, '2018-02-02', 5.75, 23, '2018-02-02', 5.75, 3, '23'),
(208, 'Transf. Para SANT', 'T', NULL, '2018-02-02', -900, 40, '2018-02-02', -900, 3, '40'),
(209, 'Transf. De BB', 'T', NULL, '2018-02-02', 400, 40, '2018-02-02', 400, 1, '40'),
(210, 'Transf. De CASA', 'T', NULL, '2018-02-02', 900, 40, '2018-02-02', 900, 1, '40'),
(211, 'Piso Vinílico e Argamassa', 'D', NULL, '2018-02-03', 1721.52, 10, '2018-02-03', 1721.52, 1, '10'),
(212, 'Água 20L', 'D', NULL, '2018-02-05', 7, 24, '2018-02-05', 7, 3, '24'),
(213, 'Transf. Para SANT', 'T', NULL, '2018-02-05', -522.75, 40, '2018-02-05', -522.75, 5, '40'),
(214, 'Recarga Tim - Leandro', 'D', NULL, '2018-02-05', 20, 39, '2018-02-05', 20, 1, '39'),
(215, 'Mercado Valente', 'D', NULL, '2018-02-05', 14.49, 24, '2018-02-05', 14.49, 1, '24'),
(216, 'Transf. De POUP', 'T', NULL, '2018-02-05', 522.75, 40, '2018-02-05', 522.75, 1, '40'),
(217, 'Salgados Barbarex TI', 'D', NULL, '2018-02-07', 7, 23, '2018-02-07', 7, 3, '23'),
(218, 'Cola Vinílico - Vitor', 'D', NULL, '2018-02-08', 200, 10, '2018-02-08', 200, 1, '10'),
(219, 'Kalunga Tivoli', 'D', NULL, '2018-02-08', 8.8, 8, '2018-02-08', 8.8, 1, '8'),
(220, 'Yakisoba - Oriente Express', 'D', NULL, '2018-02-08', 36.4, 23, '2018-02-08', 36.4, 1, '23'),
(221, 'Dinheiro Bola (W1)', 'R', NULL, '2018-02-09', 52.75, 25, '2018-02-09', 52.75, 3, '25'),
(222, 'Dinheiro Bola (Carla)', 'R', NULL, '2018-02-09', 57.25, 25, '2018-02-09', 57.25, 3, '25'),
(223, 'Transf. De POUP', 'T', NULL, '2018-02-09', -800, 40, '2018-02-09', -800, 5, '40'),
(224, 'DAE - Liberty Gardens', 'D', '2 de 12', '2018-02-12', 59.31, 1, '2018-02-09', 59.31, 1, '1'),
(225, 'Condomínio', 'D', '2 de 12', '2018-02-12', 315.8, 9, '2018-02-09', 315.8, 1, '9'),
(226, 'CPFL', 'D', NULL, '2018-02-10', 138.77, 14, '2018-02-09', 138.77, 1, '14'),
(227, 'IPTU', 'D', NULL, '2018-02-12', 48.71, 21, '2018-02-09', 48.71, 1, '21'),
(228, 'Transf. Para SANT', 'T', NULL, '2018-02-09', 800, 40, '2018-02-09', 800, 1, '40'),
(229, 'Mistura Fina', 'D', NULL, '2018-02-10', 13, 24, '2018-02-10', 13, 1, '24'),
(230, 'Farmalice', 'D', NULL, '2018-02-11', 6.9, 15, '2018-02-11', 6.9, 1, '15'),
(231, 'Cofre', 'T', NULL, '2018-02-12', -3.25, 40, '2018-02-12', -3.25, 3, '40'),
(232, 'Ajuste Caixa', 'R', NULL, '2018-02-12', 10, 25, '2018-02-12', 10, 3, '25'),
(233, 'Salário Dia 10', 'R', NULL, '2018-02-12', 3300, 30, '2018-02-12', 3300, 3, '30'),
(234, 'Mercado Valente', 'D', NULL, '2018-02-12', 12, 24, '2018-02-12', 12, 3, '24'),
(235, 'Formiguinha', 'D', NULL, '2018-02-13', 22, 23, '2018-02-13', 22, 3, '23'),
(236, 'Transf. Para SANT', 'T', NULL, '2018-02-14', -940, 40, '2018-02-14', -940, 3, '40'),
(237, 'Transf. Para SANT', 'T', NULL, '2018-02-14', -2100, 40, '2018-02-14', -2100, 3, '40'),
(238, 'Faxina - Celina', 'D', NULL, '2018-02-14', 120, 16, '2018-02-14', 120, 3, '16'),
(239, 'Auriculoterapia - Gabi', 'D', NULL, '2018-02-14', 40, 4, '2018-02-14', 40, 3, '4'),
(240, 'Ajuste Caixa', 'R', NULL, '2018-02-14', 12, 25, '2018-02-14', 12, 3, '25'),
(241, 'Dinheiro Conta Marivete', 'R', NULL, '2018-02-14', 336, 25, '2018-02-14', 336, 3, '25'),
(242, 'CPFL - Liberty Gardens', 'D', '2 de 12', '2018-02-14', 30.79, 14, '2018-02-14', 30.79, 1, '14 / [OK] 04/01/2018'),
(243, 'Transf. De CASA', 'T', NULL, '2018-02-14', 940, 40, '2018-02-14', 940, 1, '40'),
(244, 'Transf. De CASA', 'T', NULL, '2018-02-14', 2100, 40, '2018-02-14', 2100, 1, '40'),
(245, 'Pagamento Marivete', 'D', NULL, '2018-02-14', 335.12, 25, '2018-02-14', 335.12, 1, '25'),
(246, 'Mercado Valente', 'D', NULL, '2018-02-14', 11, 24, '2018-02-14', 11, 1, '24'),
(247, 'Spani Atacadista', 'D', NULL, '2018-02-14', 26.75, 24, '2018-02-14', 26.75, 1, '24'),
(248, '[NUB] Rewards - Estorno Assinatura', 'D', NULL, '2018-02-20', -11.65, 30, '2018-02-14', -11.65, 1, '30 / [OK] 01/02/2018'),
(249, '[NUB] Water Cooler - ML', 'D', NULL, '2018-02-20', 49.62, 27, '2018-02-14', 49.62, 1, '27 / [OK] 13/12/2017'),
(250, '[NUB] Eduk Cursos Online', 'D', NULL, '2018-02-20', 29.9, 27, '2018-02-14', 29.9, 1, '27 / [OK] 13/12/2017'),
(251, '[NUB] Pontal Dom Pedro', 'D', NULL, '2018-02-20', 84.75, 27, '2018-02-14', 84.75, 1, '27 / [OK] 18/12/2017'),
(252, '[NUB] W1 Finance', 'D', NULL, '2018-02-20', 148.58, 27, '2018-02-14', 148.58, 1, '27 / [OK] 04/01/2018'),
(253, '[NUB] W1 Finance - Bola', 'D', NULL, '2018-02-20', 52.75, 25, '2018-02-14', 52.75, 1, '25 / [OK] 02/01/2018'),
(254, '[NUB] Universo Online', 'D', NULL, '2018-02-20', 22.6, 37, '2018-02-14', 22.6, 1, '37 / [OK] 18/01/2018'),
(255, '[NUB] Spotify', 'D', NULL, '2018-02-20', 26.9, 20, '2018-02-14', 26.9, 1, '20 / [OK] 19/01/2018'),
(256, '[NUB] RMTD Comércio', 'D', NULL, '2018-02-20', 10, 23, '2018-02-14', 10, 1, '23 / [OK] 20/01/2018'),
(257, '[NUB] Rewards Nubank', 'D', NULL, '2018-02-20', 19, 8, '2018-02-14', 19, 1, '8 / [OK] 20/01/2018'),
(258, '[NUB] iFood', 'D', NULL, '2018-02-20', 40.9, 23, '2018-02-14', 40.9, 1, '23 / [OK] 22/01/2018'),
(259, '[NUB] Cachaçaria', 'D', NULL, '2018-02-20', 83.22, 23, '2018-02-14', 83.22, 1, '23 / [OK] 26/01/2018'),
(260, '[NUB] Spani Atacadista', 'D', NULL, '2018-02-20', 50.06, 24, '2018-02-14', 50.06, 1, '24 / [OK] 29/01/2018'),
(261, '[NUB] Geladeira - Ponto Frio', 'D', '4 de 10', '2018-02-20', 189.9, 27, '2018-02-14', 189.9, 1, '27 / [OK] 13/12/2017'),
(262, '[NUB] Mercado Valente', 'D', NULL, '2018-02-20', 28.77, 24, '2018-02-14', 28.77, 1, '24 / [OK] 31/01/2018'),
(263, '[NUB] Deckstore', 'D', NULL, '2018-02-20', 42.33, 27, '2018-02-14', 42.33, 1, '27 / [OK] 08/02/2018'),
(264, '[NUB] Rewards - Compra Apagada', 'D', NULL, '2018-02-20', -26.9, 30, '2018-02-14', -26.9, 1, '30 / [OK] 01/02/2018'),
(265, '[NUB] Rewards - Compra Apagada', 'D', NULL, '2018-02-20', -27.9, 30, '2018-02-14', -27.9, 1, '30 / [OK] 01/02/2018'),
(266, '[NUB] Rewards - Compra Apagada', 'D', NULL, '2018-02-20', -40.89, 30, '2018-02-14', -40.89, 1, '30 / [OK] 01/02/2018'),
(267, '[NUB] Universo Online', 'D', NULL, '2018-02-20', 49.99, 37, '2018-02-14', 49.99, 1, '37 / [OK] 02/02/2018'),
(268, '[NUB] Burguer King', 'D', NULL, '2018-02-20', 27, 23, '2018-02-14', 27, 1, '23 / [OK] 03/02/2018'),
(269, '[NUB] Burguer King', 'D', NULL, '2018-02-20', 6.5, 23, '2018-02-14', 6.5, 1, '23 / [OK] 03/02/2018'),
(270, '[NUB] São Vicente', 'D', NULL, '2018-02-20', 163.22, 24, '2018-02-14', 163.22, 1, '24 / [OK] 05/02/2018'),
(271, '[NUB] Spani Atacadista', 'D', NULL, '2018-02-20', 85.06, 24, '2018-02-14', 85.06, 1, '24 / [OK] 05/02/2018'),
(272, '[NUB] Paflon - ML', 'D', NULL, '2018-02-20', 72.39, 27, '2018-02-14', 72.39, 1, '27 / [OK] 05/02/2018'),
(273, '[NUB] Drogal', 'D', NULL, '2018-02-20', 52.98, 15, '2018-02-14', 52.98, 1, '15 / [OK] 05/02/2018'),
(274, '[NUB] Arsenal Nerd', 'D', NULL, '2018-02-20', 16.75, 23, '2018-02-14', 16.75, 1, '23 / [OK] 06/02/2018'),
(275, '[NUB] Formiguinha', 'D', NULL, '2018-02-20', 30.03, 23, '2018-02-14', 30.03, 1, '23 / [OK] 06/02/2018'),
(276, '[NUB] Netflix', 'D', NULL, '2018-02-20', 27.9, 41, '2018-02-14', 27.9, 1, '41 / [OK] 07/02/2018'),
(277, '[NUB] Agropet Mineiro', 'D', NULL, '2018-02-20', 80.9, 3, '2018-02-14', 80.9, 1, '3 / [OK] 29/01/2018'),
(278, '[NUB] Spani Atacadista', 'D', NULL, '2018-02-20', 20.68, 24, '2018-02-14', 20.68, 1, '24 / [OK] 12/02/2018'),
(279, '[NUB] Posto Portal - Lava Rápido', 'D', NULL, '2018-02-20', 18, 5, '2018-02-14', 18, 1, '5 / [OK] 12/02/2018'),
(280, '[NUB] Posto Gonçalves Dias', 'D', NULL, '2018-02-20', 172.01, 7, '2018-02-14', 172.01, 1, '7 / [OK] 12/02/2018'),
(281, '[NUB] Minimercado Pérola', 'D', NULL, '2018-02-20', 49.65, 24, '2018-02-14', 49.65, 1, '24 / [OK] 12/02/2018'),
(282, '[NUB] Mercado Valente', 'D', NULL, '2018-02-20', 31.56, 24, '2018-02-14', 31.56, 1, '24 / [OK] 12/02/2018'),
(283, '[NUB] iFood', 'D', NULL, '2018-02-20', 40.9, 23, '2018-02-14', 40.9, 1, '23 / [OK] 12/02/2018'),
(284, '[NUB] Dicico', 'D', NULL, '2018-02-20', 11.22, 10, '2018-02-14', 11.22, 1, '10 / [OK] 12/02/2018'),
(285, '[MAG] Envio Mens. Automática', 'D', NULL, '2018-02-16', 5.5, 38, '2018-02-14', 5.5, 1, '38 / [OK] 01/02/2018'),
(286, '[MAG] Avalon Store', 'D', NULL, '2018-02-16', 100, 23, '2018-02-14', 100, 1, '23 / [OK] 13/01/2018'),
(287, '[MAG] Nova Vida', 'D', NULL, '2018-02-16', 19, 15, '2018-02-14', 19, 1, '15 / [OK] 22/01/2018'),
(288, '[MAG] Pague Menos', 'D', NULL, '2018-02-16', 42.33, 24, '2018-02-14', 42.33, 1, '24 / [OK] 08/01/2018'),
(289, '[MAG] Parcela Anuidade', 'D', NULL, '2018-02-16', 9.99, 38, '2018-02-14', 9.99, 1, '38 / [OK] 05/01/2018'),
(290, '[MAG] [CALGARY] Aeroméxico', 'D', '2 de 11', '2018-02-16', 269.25, 27, '2018-02-14', 269.25, 1, '27 / [OK] 21/12/2017'),
(291, '[MAG] HS Carolina HO', 'D', NULL, '2018-02-16', 37.41, 27, '2018-02-14', 37.41, 1, '27 / [OK] 13/12/2017'),
(292, '[MAG] Agropet Mineiro', 'D', NULL, '2018-02-16', 48.6, 3, '2018-02-14', 48.6, 1, '3 / [OK] 05/12/2017'),
(293, 'Deb Cesta', 'D', NULL, '2018-02-14', 12.1, 38, '2018-02-14', 12.1, 2, '38'),
(294, 'Tarifa Pacote Serviço', 'D', NULL, '2018-02-15', 12.4, 38, '2018-02-15', 12.4, 4, '38'),
(295, 'Milkshake - Chiquinho', 'D', NULL, '2018-02-15', 11, 23, '2018-02-15', 11, 3, '23'),
(296, 'Pérola', 'D', NULL, '2018-02-15', 18, 24, '2018-02-15', 18, 3, '24'),
(297, 'Magic - Pigatto', 'D', NULL, '2018-02-15', 25, 23, '2018-02-15', 25, 3, '23'),
(298, 'Salário Dia 20', 'R', NULL, '2018-02-16', 1175, 30, '2018-02-16', 1175, 3, '30'),
(299, 'Premiação', 'R', NULL, '2018-02-16', 1000, 30, '2018-02-16', 1000, 3, '30'),
(300, 'Recarga Tim - Carla', 'D', NULL, '2018-02-16', 20, 39, '2018-02-16', 20, 1, '39'),
(301, 'Dinheiro Mariela', 'R', NULL, '2018-02-17', 60, 25, '2018-02-17', 60, 3, '25'),
(302, 'Rei do Pastel', 'D', NULL, '2018-02-17', 39.95, 23, '2018-02-17', 39.95, 1, '23'),
(303, 'Lanche Big Tits', 'D', NULL, '2018-02-18', 11.5, 23, '2018-02-18', 11.5, 3, '23'),
(304, 'Água 20L', 'D', NULL, '2018-02-18', 6.5, 24, '2018-02-18', 6.5, 3, '24'),
(305, 'Mercado Valente', 'D', NULL, '2018-02-18', 23.6, 24, '2018-02-18', 23.6, 1, '24'),
(306, 'Contribuição - Congresso', 'D', NULL, '2018-02-18', 50, 12, '2018-02-18', 50, 1, '12'),
(307, 'Combustível', 'D', NULL, '2018-02-20', 50, 7, '2018-02-20', 50, 3, '7'),
(308, 'Marmita', 'D', NULL, '2018-02-20', 10, 24, '2018-02-20', 10, 3, '24'),
(309, 'LCO - Carla', 'D', NULL, '2018-02-20', 50, 4, '2018-02-20', 50, 3, '4'),
(310, 'Mercado Valente', 'D', NULL, '2018-02-20', 23.89, 24, '2018-02-20', 23.89, 1, '24'),
(311, 'Carla', 'D', NULL, '2018-02-20', 21, 4, '2018-02-20', 21, 3, '4'),
(312, 'Spani Atacadista', 'D', NULL, '2018-02-21', 126, 24, '2018-02-21', 126, 3, '24'),
(313, 'Futebol', 'D', NULL, '2018-02-21', 40, 23, '2018-02-21', 40, 3, '23'),
(314, 'Água Garrafa', 'D', NULL, '2018-02-21', 2, 24, '2018-02-21', 2, 3, '24'),
(315, 'Mc Donalds', 'D', NULL, '2018-02-21', 9.5, 23, '2018-02-21', 9.5, 1, '23'),
(316, 'Vivo Fibra', 'D', NULL, '2018-02-21', 177.19, 20, '2018-02-21', 177.19, 1, '20 / [OK] 12/02/2018'),
(317, 'Transf. De CASA', 'T', NULL, '2018-02-21', 350, 40, '2018-02-22', 350, 4, '40'),
(318, 'Aluguel Boer', 'D', NULL, '2018-02-25', 750, 2, '2018-02-22', 750, 3, '2'),
(319, 'DAE - Boer', 'D', NULL, '2018-02-27', 50, 1, '2018-02-22', 50, 3, '1'),
(320, 'Transf. Para BB', 'T', NULL, '2018-02-21', -350, 40, '2018-02-22', -350, 3, '40'),
(321, 'Transf. Para SANT', 'T', NULL, '2018-02-21', -300, 40, '2018-02-22', -300, 3, '40'),
(322, 'Cartão Carla', 'D', NULL, '2018-02-25', 680, 4, '2018-02-22', 680, 3, '4'),
(323, 'Cartão Carla - Outros', 'D', NULL, '2018-02-25', 200, 25, '2018-02-22', 200, 3, '25'),
(324, 'DAE - Boer', 'D', NULL, '2018-02-27', 7.03, 1, '2018-02-22', 7.03, 1, '1'),
(325, 'Transf. De CASA', 'T', NULL, '2018-02-21', 300, 40, '2018-02-22', 300, 1, '40'),
(326, 'Doce Formiguinha', 'D', NULL, '2018-02-22', 13.9, 23, '2018-02-22', 13.9, 1, '23'),
(327, 'Transf. Para SANT', 'T', NULL, '2018-02-23', -80, 40, '2018-02-23', -80, 5, '40'),
(328, 'TED Amanda', 'D', NULL, '2018-02-23', 80, 29, '2018-02-23', 80, 1, '29'),
(329, 'Transf. De POUP', 'T', NULL, '2018-02-23', 80, 40, '2018-02-23', 80, 1, '40'),
(330, 'Tarifa TED', 'D', NULL, '2018-02-23', 9.4, 38, '2018-02-23', 9.4, 1, '38'),
(331, 'Contribuição Recreação', 'D', NULL, '2018-02-23', 30, 23, '2018-02-23', 30, 3, '23'),
(332, 'Rei do Pastel', 'D', NULL, '2018-02-24', 33.9, 23, '2018-02-24', 33.9, 1, '23'),
(333, 'Magic', 'D', NULL, '2018-02-24', 6, 23, '2018-02-24', 6, 3, '23'),
(334, 'Sem Parar', 'D', '2 de 12', '2018-02-26', 84.81, 26, '2018-02-26', 84.81, 1, '26 / [OK] 20/02/2018'),
(335, 'Transf. De SANT', 'T', NULL, '2018-02-27', 110, 40, '2018-02-27', 110, 2, '40'),
(336, 'Transf. Para CX', 'T', NULL, '2018-02-27', -110, 40, '2018-02-27', -110, 1, '40'),
(337, 'Prest Habitação', 'D', '8 de 360', '2018-02-26', 711.96, 18, '2018-02-27', 711.96, 2, '18'),
(338, 'Empréstimo BB Fiesta', 'D', '32 de 48', '2018-02-27', 353.99, 18, '2018-02-27', 353.99, 4, '18'),
(339, 'Tarifa Extrato Consolidado', 'D', NULL, '2018-02-27', 4.8, 38, '2018-02-27', 4.8, 1, '38'),
(340, 'Mercado Dia', 'D', NULL, '2018-02-27', 12.97, 24, '2018-02-27', 12.97, 1, '24'),
(341, 'Rendimento Poupança', 'R', NULL, '2018-02-28', 1.84, 30, '2018-02-28', 1.84, 5, '30'),
(342, 'Pão Caseiro', 'D', NULL, '2018-02-28', 6, 24, '2018-02-28', 6, 3, '24'),
(343, 'Auriculoterapia - Gabi', 'D', NULL, '2018-02-27', 24, 4, '2018-02-27', 24, 3, '4'),
(344, 'Livro Semáforo', 'D', NULL, '2018-03-01', 2, 29, '2018-03-01', 2, 3, '29'),
(345, 'Corte Cabelo - Leandro', 'D', NULL, '2018-03-01', 25, 8, '2018-03-01', 25, 1, '8'),
(346, 'IOF - Imposto', 'D', NULL, '2018-03-01', 0.01, 38, '2018-03-01', 0.01, 1, '38'),
(347, 'IOF - Adicional', 'D', NULL, '2018-03-01', 0.68, 38, '2018-03-01', 0.68, 1, '38'),
(348, 'Marmitex', 'D', NULL, '2018-03-04', 16, 24, '2018-03-04', 16, 3, '24'),
(349, 'Coparticipação Plano Saúde', 'D', NULL, '2018-03-05', 12, 11, '2018-03-05', 12, 3, '11'),
(350, 'Assistência Odontológica', 'D', NULL, '2018-03-05', 36.6, 13, '2018-03-05', 36.6, 3, '13'),
(351, 'Seguro de Vida', 'D', NULL, '2018-03-05', 5, 35, '2018-03-05', 5, 3, '35'),
(352, 'Desconto Vale Refeição', 'D', NULL, '2018-03-05', 46, 26, '2018-03-05', 46, 3, '26'),
(353, 'Assistência Médica', 'D', NULL, '2018-03-05', 182.79, 28, '2018-03-05', 182.79, 3, '28'),
(354, 'IRRF', 'D', NULL, '2018-03-05', 39.14, 22, '2018-03-05', 39.14, 3, '22'),
(355, 'INSS', 'D', NULL, '2018-03-05', 323.26, 19, '2018-03-05', 323.26, 3, '19'),
(356, 'Salário Dia 5', 'R', NULL, '2018-03-05', 1762.79, 30, '2018-03-05', 1762.79, 3, '30'),
(357, 'Drogaria SP', 'D', NULL, '2018-03-05', 32.31, 15, '2018-03-05', 32.31, 1, '15'),
(358, 'Salgado Posto - SP', 'D', NULL, '2018-03-05', 13.47, 24, '2018-03-05', 13.47, 1, '24'),
(359, 'Conserto Carro - Eduardo', 'D', NULL, '2018-03-07', 500, 5, '2018-03-07', 500, 3, '5'),
(360, 'IPTU', 'D', NULL, '2018-03-08', 41.1, 21, '2018-03-07', 41.1, 3, '21 / [OK] 07/03/2018'),
(361, 'CPFL', 'D', NULL, '2018-03-08', 108.9, 14, '2018-03-07', 108.9, 3, '14 / [OK] 07/03/2018'),
(362, 'Transf. De SANT', 'T', NULL, '2018-03-07', 90, 40, '2018-03-07', 90, 3, '40'),
(363, 'Entrada Marmoraria', 'D', NULL, '2018-03-07', 480, 10, '2018-03-07', 480, 3, '10'),
(364, 'Papelaria', 'D', NULL, '2018-03-07', 10.4, 4, '2018-03-07', 10.4, 3, '4'),
(365, 'Documentação Pós', 'D', NULL, '2018-03-07', 7.6, 8, '2018-03-07', 7.6, 3, '8'),
(366, 'Água 20L', 'D', NULL, '2018-03-07', 7, 24, '2018-03-07', 7, 3, '24'),
(367, 'Transf. Para SANT', 'T', NULL, '2018-03-07', -970, 40, '2018-03-07', -970, 5, '40'),
(368, 'Boleto Faculdade', 'D', NULL, '2018-03-07', 218, 27, '2018-03-07', 218, 1, '27'),
(369, 'IPTU', 'D', NULL, '2018-03-08', 7.61, 21, '2018-03-07', 7.61, 1, '21 / [OK] 07/03/2018'),
(370, 'Transf. De POUP', 'T', NULL, '2018-03-07', 970, 40, '2018-03-07', 970, 1, '40'),
(371, 'Transf. Para CASA', 'T', NULL, '2018-03-07', -90, 40, '2018-03-07', -90, 1, '40'),
(372, 'Salário Dia 10', 'R', NULL, '2018-03-08', 3300, 30, '2018-03-08', 3300, 3, '30'),
(373, 'AJUSTE CAIXA', 'D', NULL, '2018-03-09', 8.95, 25, '2018-03-09', 8.95, 3, '25'),
(374, 'Condomínio', 'D', '3 de 12', '2018-03-10', 315.8, 9, '2018-03-09', 315.8, 1, '9 / [OK] 01/03/2018'),
(375, 'Amanda - Consulta Gato', 'D', NULL, '2018-03-09', 60, 29, '2018-03-09', 60, 1, '29'),
(376, 'Amanda - Consulta Gato', 'D', NULL, '2018-03-09', 10, 29, '2018-03-09', 10, 1, '29'),
(377, 'Transferência Carla', 'D', NULL, '2018-03-09', 170, 4, '2018-03-09', 170, 1, '4'),
(378, 'Transf. Para SANT', 'T', NULL, '2018-03-12', -650, 40, '2018-03-12', -650, 3, '40'),
(379, 'Transf. Para SANT', 'T', NULL, '2018-03-12', -2500, 40, '2018-03-12', -2500, 3, '40'),
(380, 'Dinheiro Carla', 'R', NULL, '2018-03-12', 80, 30, '2018-03-12', 80, 3, '30'),
(381, 'Dinheiro Carla', 'R', NULL, '2018-03-12', 50, 30, '2018-03-12', 50, 3, '30'),
(382, 'Água 20L', 'D', NULL, '2018-03-12', 7, 24, '2018-03-12', 8.05, 3, '24'),
(383, 'Deb Cesta', 'D', NULL, '2018-03-12', 12.1, 38, '2018-03-12', 12.1, 2, '38'),
(384, 'Tarifa TED', 'D', NULL, '2018-03-12', 18.8, 38, '2018-03-12', 18.8, 1, '38'),
(385, 'Transf. De CASA', 'T', NULL, '2018-03-12', 650, 40, '2018-03-12', 650, 1, '40'),
(386, 'Transf. De CASA', 'T', NULL, '2018-03-12', 2500, 40, '2018-03-12', 2500, 1, '40'),
(387, '[MAG] [CALGARY] Aeroméxico', 'D', '3 de 11', '2018-03-16', 269.25, 27, '2018-03-12', 269.25, 1, '27 / [OK] 21/12/2017'),
(388, '[MAG] HS Carolina HO', 'D', NULL, '2018-03-16', 37.45, 27, '2018-03-12', 37.45, 1, '27 / [OK] 13/12/2017'),
(389, '[MAG] Parcela de Anuidade', 'D', NULL, '2018-03-16', 9.99, 38, '2018-03-12', 9.99, 1, '38 / [OK] 02/02/2018'),
(390, '[MAG] Riso Embalagens', 'D', NULL, '2018-03-16', 18.55, 4, '2018-03-12', 18.55, 1, '4 / [OK] 09/02/2018'),
(391, '[MAG] Taty Utilidades', 'D', NULL, '2018-03-16', 25, 4, '2018-03-12', 25, 1, '4 / [OK] 09/02/2018'),
(392, '[MAG] Troca Óleo - Posto Greco', 'D', NULL, '2018-03-16', 243.3, 5, '2018-03-12', 243.3, 1, '5 / [OK] 09/02/2018'),
(393, '[MAG] Mulligans', 'D', NULL, '2018-03-16', 45.99, 23, '2018-03-12', 45.99, 1, '23 / [OK] 08/02/2018'),
(394, '[MAG] Lojas KD', 'D', '1 de 10', '2018-03-16', 163, 27, '2018-03-12', 163, 1, '27 / [OK] 19/12/2017'),
(395, '[MAG] Posto do Mineiro', 'D', NULL, '2018-03-16', 40, 7, '2018-03-12', 40, 1, '7 / [OK] 27/02/2018'),
(396, '[MAG] Chiquinho Nova Odessa', 'D', NULL, '2018-03-16', 21, 25, '2018-03-12', 21, 1, '25 / [OK] 27/02/2018'),
(397, '[MAG] LK Petroleo', 'D', NULL, '2018-03-16', 50.7, 7, '2018-03-12', 50.7, 1, '7 / [OK] 03/03/2018'),
(398, '[MAG] Agropet Mineiro', 'D', NULL, '2018-03-16', 80.9, 3, '2018-03-12', 80.9, 1, '3 / [OK] 03/03/2018'),
(399, '[MAG] Supermercado Pague Menos', 'D', NULL, '2018-03-16', 148.46, 24, '2018-03-12', 148.46, 1, '24 / [OK] 04/03/2018'),
(400, '[MAG] Envio Mens. Automatica', 'D', NULL, '2018-03-16', 5.5, 38, '2018-03-12', 5.5, 1, '38 / [OK] 05/03/2018'),
(401, 'Esfihas - Ap Nicolas', 'D', NULL, '2018-03-12', 11.88, 23, '2018-03-12', 11.88, 1, '23'),
(402, 'Spani Atacadista', 'D', NULL, '2018-03-12', 76.38, 24, '2018-03-12', 76.38, 1, '24'),
(403, '[NUB] Water Cooler - ML', 'D', NULL, '2018-03-20', 49.62, 27, '2018-03-13', 49.62, 1, '27 / [OK] 13/12/2017'),
(404, '[NUB] Eduk Cursos Online', 'D', NULL, '2018-03-20', 29.9, 27, '2018-03-13', 29.9, 1, '27 / [OK] 13/12/2017'),
(405, '[NUB] Pontal Dom Pedro', 'D', NULL, '2018-03-20', 84.75, 27, '2018-03-13', 84.75, 1, '27 / [OK] 18/12/2017'),
(406, '[NUB] W1 Finance', 'D', NULL, '2018-03-20', 148.58, 27, '2018-03-13', 148.58, 1, '27 / [OK] 04/01/2018'),
(407, '[NUB] W1 Finance - Bola', 'D', NULL, '2018-03-20', 52.75, 25, '2018-03-13', 52.75, 1, '25 / [OK] 02/01/2018'),
(408, '[NUB] Geladeira - Ponto Frio', 'D', '5 de 10', '2018-03-20', 189.9, 27, '2018-03-13', 189.9, 1, '27 / [OK] 13/12/2017'),
(409, '[NUB] Deckstore', 'D', NULL, '2018-03-20', 42.31, 27, '2018-03-13', 42.31, 1, '27 / [OK] 08/02/2018'),
(410, '[NUB] Paflon - ML', 'D', NULL, '2018-03-20', 72.39, 27, '2018-03-13', 72.39, 1, '27 / [OK] 05/02/2018'),
(411, '[NUB] Mercado Valente', 'D', NULL, '2018-03-20', 91.05, 24, '2018-03-13', 91.05, 1, '24 / [OK] 13/02/2018'),
(412, '[NUB] Spotify', 'D', NULL, '2018-03-20', 26.9, 20, '2018-03-13', 26.9, 1, '20 / [OK] 17/02/2018'),
(413, '[NUB] Uol', 'D', NULL, '2018-03-20', 24.16, 37, '2018-03-13', 24.16, 1, '37 / [OK] 17/02/2018'),
(414, '[NUB] Techshop - Cooktop', 'D', '1 de 5', '2018-03-20', 72.68, 27, '2018-03-13', 72.68, 1, '27 / [OK] 20/02/2018'),
(415, '[NUB] About Home - Bancada', 'D', NULL, '2018-03-20', 72.19, 27, '2018-03-13', 72.19, 1, '27 / [OK] 20/02/2018'),
(416, '[NUB] Lojas KD - Móveis', 'D', '1 de 10', '2018-03-20', 186.67, 27, '2018-03-13', 186.67, 1, '27 / [OK] 20/02/2018'),
(417, '[NUB] Registro.br', 'D', NULL, '2018-03-20', 40, 37, '2018-03-13', 40, 1, '37 / [OK] 23/02/2018'),
(418, '[NUB] Apoquel - Mercado Livre', 'D', NULL, '2018-03-20', 218, 3, '2018-03-13', 218, 1, '3 / [OK] 23/02/2018'),
(419, '[NUB] Spani Atacadista', 'D', NULL, '2018-03-20', 43.9, 24, '2018-03-13', 43.9, 1, '24 / [OK] 26/02/2018'),
(420, '[NUB] Riot Games', 'D', NULL, '2018-03-20', 23.5, 23, '2018-03-13', 23.5, 1, '23 / [OK] 26/02/2018'),
(421, '[NUB] Avalon Store', 'D', NULL, '2018-03-20', 16, 23, '2018-03-13', 16, 1, '23 / [OK] 26/02/2018'),
(422, '[NUB] Drogaria SP', 'D', NULL, '2018-03-20', 38.33, 15, '2018-03-13', 38.33, 1, '15 / [OK] 26/02/2018'),
(423, '[NUB] Pizza - iFood', 'D', NULL, '2018-03-20', 42.9, 23, '2018-03-13', 42.9, 1, '23 / [OK] 27/02/2018'),
(424, '[NUB] Netflix', 'D', NULL, '2018-03-20', 27.9, 41, '2018-03-13', 27.9, 1, '41 / [OK] 07/03/2018'),
(425, 'Depósito Online - IJUS', 'R', NULL, '2018-03-13', 200, 30, '2018-03-13', 200, 4, '30'),
(426, 'DAE - Liberty Gardens', 'D', '3 de 12', '2018-03-27', 41.43, 1, '2018-03-13', 41.43, 1, '1'),
(427, 'CPFL - Liberty Gardens', 'D', '3 de 12', '2018-03-13', 29.37, 14, '2018-03-13', 29.37, 1, '14 / [OK] 07/03/2018'),
(428, 'Combustível', 'D', NULL, '2018-03-14', 50, 7, '2018-03-14', 50, 1, '7'),
(429, 'Subway - Almoço Tivoli', 'D', NULL, '2018-03-14', 7, 24, '2018-03-14', 7, 1, '24'),
(430, 'Milkshake BK', 'D', NULL, '2018-03-14', 10.9, 23, '2018-03-14', 10.9, 1, '23'),
(431, 'Cartucho Impressora', 'D', NULL, '2018-03-14', 40.72, 8, '2018-03-14', 40.72, 1, '8'),
(432, 'Burguer King', 'D', NULL, '2018-03-15', 28, 23, '2018-03-15', 28, 1, '23'),
(433, 'Paleta Tivoli', 'D', NULL, '2018-03-15', 12, 23, '2018-03-15', 12, 1, '23'),
(434, 'Tarifa Pacote Serviço', 'D', NULL, '2018-03-15', 12.4, 38, '2018-03-15', 12.4, 4, '38'),
(435, 'Spani Atacadista', 'D', NULL, '2018-03-17', 6.97, 24, '2018-03-17', 6.97, 1, '24'),
(436, 'Spani Atacadista', 'D', NULL, '2018-03-17', 68, 24, '2018-03-17', 68, 3, '24'),
(437, 'Cartão Vegas', 'R', NULL, '2018-03-17', 68, 30, '2018-03-17', 68, 3, '30'),
(438, 'Mercado Valente', 'D', NULL, '2018-03-17', 12.3, 24, '2018-03-17', 12.3, 1, '24'),
(439, 'Donativo Salão', 'D', NULL, '2018-03-17', 50, 12, '2018-03-17', 50, 3, '12'),
(440, 'Mercado Valente', 'D', NULL, '2018-03-19', 27.54, 24, '2018-03-19', 27.54, 1, '24'),
(441, 'Faxina - Celina', 'D', NULL, '2018-03-19', 120, 16, '2018-03-19', 120, 3, '16'),
(442, 'Salário Dia 20', 'R', NULL, '2018-03-19', 1176, 30, '2018-03-19', 1176, 3, '30'),
(443, 'Vivo Fibra', 'D', NULL, '2018-03-21', 173.36, 20, '2018-03-21', 173.36, 1, '20 / [OK] 12/02/2018'),
(444, 'Freio Carro - Eduardo', 'D', NULL, '2018-03-21', 200, 5, '2018-03-21', 200, 3, '5'),
(445, 'Combustível', 'D', NULL, '2018-03-21', 80, 7, '2018-03-21', 80, 3, '7'),
(446, 'Produtos Barbarex', 'D', NULL, '2018-03-21', 184, 24, '2018-03-21', 184, 3, '24'),
(447, 'Produtos Barbarex', 'D', NULL, '2018-03-21', 72, 25, '2018-03-21', 72, 3, '25'),
(448, 'Depósito Online - IJUS', 'R', NULL, '2018-03-22', 400, 30, '2018-03-22', 400, 4, '30'),
(449, 'Transf. De CASA', 'T', NULL, '2018-03-23', 590, 40, '2018-03-23', 590, 1, '40'),
(450, 'Transf. Para SANT', 'T', NULL, '2018-03-23', -590, 40, '2018-03-23', -590, 3, '40'),
(451, 'Spani Atacadista', 'D', NULL, '2018-03-23', 58.04, 24, '2018-03-23', 58.04, 1, '24'),
(452, 'Correios - Celebração', 'D', NULL, '2018-03-23', 57.5, 8, '2018-03-23', 57.5, 4, '8'),
(453, 'Transf. Para CASA', 'T', NULL, '2018-03-23', -160, 40, '2018-03-23', -160, 4, '40'),
(454, 'Transf. De CASA', 'T', NULL, '2018-03-23', 310, 40, '2018-03-23', 310, 2, '40'),
(455, 'Transf. Para CX', 'T', NULL, '2018-03-23', -310, 40, '2018-03-23', -310, 3, '40'),
(456, 'Transf. De BB', 'T', NULL, '2018-03-23', 160, 40, '2018-03-23', 160, 3, '40'),
(457, 'Premiação', 'R', NULL, '2018-03-23', 1000, 30, '2018-03-23', 1000, 3, '30'),
(458, 'Aplicativo Vendas - WIS', 'R', NULL, '2018-03-23', 1500, 30, '2018-03-23', 1500, 3, '30'),
(459, 'Cartão Carla - Centro A Saudade', 'D', NULL, '2018-03-25', 70, 7, '2018-03-24', 70, 1, '7'),
(460, 'Cartão Carla - Tomografia Dente', 'D', NULL, '2018-03-25', 72.5, 27, '2018-03-24', 72.5, 1, '27'),
(461, 'Cartão Carla - Drogaria SP', 'D', NULL, '2018-03-25', 40.97, 15, '2018-03-24', 40.97, 1, '15'),
(462, 'Cartão Carla - Posto Gonçalves Dias', 'D', NULL, '2018-03-25', 50, 7, '2018-03-24', 50, 1, '7'),
(463, 'Cartão Carla - Paulistão', 'D', NULL, '2018-03-25', 23.13, 24, '2018-03-24', 23.13, 1, '24'),
(464, 'Cartão Carla', 'D', NULL, '2018-03-25', 316.11, 4, '2018-03-24', 316.11, 1, '4'),
(465, 'Sem Parar', 'D', '3 de 12', '2018-03-26', 28.41, 26, '2018-03-26', 28.41, 1, '26 / [OK] 19/03/2018'),
(466, 'Combustível', 'D', NULL, '2018-03-26', 60, 7, '2018-03-26', 60, 1, '7'),
(467, 'Prest Habitação', 'D', '9 de 360', '2018-03-26', 292.58, 18, '2018-03-26', 292.58, 2, '18'),
(468, 'Tarifa Extrato Consolidado', 'D', NULL, '2018-03-27', 4.8, 38, '2018-03-27', 4.8, 1, '38'),
(469, 'DAE - Boer', 'D', NULL, '2018-03-27', 24.02, 1, '2018-03-27', 24.02, 1, '1'),
(470, 'DAE - Boer', 'D', NULL, '2018-03-27', 60, 1, '2018-03-27', 60, 3, '1'),
(471, 'Aluguel Boer', 'D', NULL, '2018-03-25', 750, 2, '2018-03-27', 750, 3, '2'),
(472, 'Transf. De CASA', 'T', NULL, '2018-03-27', 1600, 40, '2018-03-27', 1600, 1, '40'),
(473, 'Transf. Para SANT', 'T', NULL, '2018-03-27', -1600, 40, '2018-03-27', -1600, 3, '40'),
(474, 'Empréstimo BB Fiesta', 'D', '33 de 48', '2018-03-27', 353.99, 18, '2018-03-27', 353.99, 4, '18'),
(475, 'Rendimento Poupança', 'R', NULL, '2018-03-31', 3.32, 30, '2018-03-31', 3.32, 5, '30'),
(476, 'Pizza', 'D', NULL, '2018-03-25', 52, 23, '2018-03-25', 52, 3, '23'),
(477, 'Cachorro Qunte', 'D', NULL, '2018-03-26', 20, 23, '2018-03-26', 20, 3, '23'),
(478, 'Água 20L', 'D', NULL, '2018-03-28', 6.5, 24, '2018-03-28', 6.5, 3, '24'),
(479, 'Cachorro Quente', 'D', NULL, '2018-04-01', 20, 23, '2018-04-01', 20, 3, '23'),
(480, 'Mariela - Produtos Barbarex', 'R', NULL, '2018-04-02', 72, 25, '2018-04-02', 72, 1, '25'),
(481, 'IOF - Imposto', 'D', NULL, '2018-04-02', 0.01, 38, '2018-04-02', 0.01, 1, '38'),
(482, 'IOF - Adicional', 'D', NULL, '2018-04-02', 0.71, 38, '2018-04-02', 0.71, 1, '38'),
(483, 'Faxina - Celina', 'D', NULL, '2018-04-02', 140, 16, '2018-04-02', 140, 3, '16'),
(484, 'Mercado Pérola', 'D', NULL, '2018-04-03', 23.11, 24, '2018-04-03', 23.11, 1, '24'),
(485, 'Assistência Odontológica', 'D', NULL, '2018-04-04', 36.6, 13, '2018-04-04', 36.6, 3, '13'),
(486, 'Seguro de Vida', 'D', NULL, '2018-04-04', 5, 35, '2018-04-04', 5, 3, '35'),
(487, 'Desconto Vale Refeição', 'D', NULL, '2018-04-04', 48.3, 26, '2018-04-04', 48.3, 3, '26'),
(488, 'Assistência Médica', 'D', NULL, '2018-04-04', 182.79, 28, '2018-04-04', 182.79, 3, '28'),
(489, 'IRRF', 'D', NULL, '2018-04-04', 39.14, 22, '2018-04-04', 39.14, 3, '22'),
(490, 'INSS', 'D', NULL, '2018-04-04', 323.26, 19, '2018-04-04', 323.26, 3, '19'),
(491, 'Salário Dia 5', 'R', NULL, '2018-04-04', 1763.09, 30, '2018-04-04', 1763.09, 3, '30'),
(492, 'Dinheiro Bola', 'R', NULL, '2018-04-04', 187, 25, '2018-04-04', 187, 3, '25'),
(493, 'Auriculoterapia - Gabi', 'D', NULL, '2018-04-04', 44, 4, '2018-04-04', 44, 3, '4'),
(494, 'Recarga TIM - Carla', 'D', NULL, '2018-04-05', 20, 39, '2018-04-05', 20, 1, '39'),
(495, 'Parmeggio D. Pedro', 'D', NULL, '2018-04-05', 12.9, 24, '2018-04-05', 12.9, 1, '24'),
(496, 'Verde Saladas D. Pedro', 'D', NULL, '2018-04-05', 24.8, 24, '2018-04-05', 24.8, 1, '24'),
(497, 'Supermercado São Vicente', 'D', NULL, '2018-04-06', 25.42, 24, '2018-04-06', 25.42, 1, '24'),
(498, 'Mercado Valente', 'D', NULL, '2018-04-06', 20.33, 24, '2018-04-06', 20.33, 1, '24'),
(499, 'Spani Atacadista', 'D', NULL, '2018-04-07', 46.24, 24, '2018-04-07', 46.24, 1, '24'),
(500, 'Mistura Fina', 'D', NULL, '2018-04-07', 42.5, 24, '2018-04-07', 42.5, 1, '24'),
(501, 'Aki Tem', 'D', NULL, '2018-04-08', 12.99, 10, '2018-04-08', 12.99, 1, '10'),
(502, 'Sorveteria Africano', 'D', NULL, '2018-04-08', 24, 23, '2018-04-08', 24, 1, '23'),
(503, 'Condomínio', 'D', '4 de 12', '2018-04-10', 416.85, 9, '2018-04-09', 416.85, 1, '9 / [OK] 29/03/2018'),
(504, 'Recarga Tim - Leandro', 'D', NULL, '2018-04-09', 20, 39, '2018-04-09', 20, 1, '39'),
(505, 'Padoveze Construção', 'D', NULL, '2018-04-09', 6.91, 10, '2018-04-09', 6.91, 1, '10'),
(506, 'Combustível - Sucesso', 'D', NULL, '2018-04-09', 20, 7, '2018-04-09', 20, 1, '7'),
(507, 'Mercado Valente', 'D', NULL, '2018-04-09', 9.25, 24, '2018-04-09', 9.25, 1, '24'),
(508, 'Combustível - Centro Saudade', 'D', NULL, '2018-04-09', 164.11, 7, '2018-04-09', 164.11, 1, '7'),
(509, 'Panificadora - Araraquara', 'D', NULL, '2018-04-09', 20.9, 24, '2018-04-09', 20.9, 1, '24'),
(510, 'Burguer King', 'D', NULL, '2018-04-09', 17, 23, '2018-04-09', 17, 1, '23'),
(511, 'Mercado Pérola', 'D', NULL, '2018-04-09', 39.47, 24, '2018-04-09', 39.47, 1, '24'),
(512, 'IPTU', 'D', NULL, '2018-04-08', 48.71, 21, '2018-04-10', 48.71, 1, '21 / [OK] 05/04/2018'),
(513, 'CPFL', 'D', NULL, '2018-04-08', 142.16, 14, '2018-04-10', 142.16, 1, '14 / [OK] 04/04/2018'),
(514, 'Taxa Construção - Caixa/HM', 'D', NULL, '2018-04-10', 121.79, 10, '2018-04-10', 121.79, 1, '10'),
(515, 'Boleto Uninter - Pós', 'D', '1 de 17', '2018-04-10', 268, 27, '2018-04-10', 268, 1, '27'),
(516, 'Montador Móveis', 'D', NULL, '2018-04-10', 160, 10, '2018-04-10', 160, 3, '10'),
(517, 'Dinheiro Carla', 'D', NULL, '2018-04-10', 31.5, 4, '2018-04-10', 31.5, 3, '4'),
(518, 'Salário Dia 10', 'R', NULL, '2018-04-10', 3300, 30, '2018-04-10', 3300, 3, '30'),
(519, 'Burguer King', 'D', NULL, '2018-04-10', 14.4, 23, '2018-04-10', 14.4, 1, '23'),
(520, 'Spani Atacadista', 'D', NULL, '2018-04-10', 138.33, 24, '2018-04-10', 138.33, 1, '24'),
(521, 'Pipoca - Moviecom', 'D', NULL, '2018-04-10', 15, 23, '2018-04-10', 15, 1, '23'),
(522, 'Transf. Para SANT', 'T', NULL, '2018-04-10', -4120, 40, '2018-04-10', -4120, 3, '40'),
(523, 'Transf. De Casa', 'T', NULL, '2018-04-10', 4120, 40, '2018-04-10', 4120, 1, '40'),
(524, 'Deb Cesta', 'D', NULL, '2018-04-10', 12.1, 38, '2018-04-10', 12.1, 2, '38'),
(525, 'CPFL - Liberty Gardens', 'D', '4 de 12', '2018-04-13', 28.53, 14, '2018-04-13', 28.53, 1, '14'),
(526, '[MAG] Amar Hotal', 'D', NULL, '2018-04-16', 76, 8, '2018-04-13', 76, 1, '8 / [OK] 05/03/2018'),
(527, '[MAG] Burguer King SP', 'D', NULL, '2018-04-16', 19.9, 24, '2018-04-13', 19.9, 1, '24 / [OK] 05/03/2018'),
(528, '[MAG] Villa Imperial Pães', 'D', NULL, '2018-04-16', 15.1, 24, '2018-04-13', 15.1, 1, '24 / [OK] 06/03/2018'),
(529, '[MAG] Haagen-Dazs', 'D', NULL, '2018-04-16', 24.5, 23, '2018-04-13', 24.5, 1, '23 / [OK] 06/03/2018'),
(530, '[MAG] PortoBelo Restaurante', 'D', NULL, '2018-04-16', 29.8, 24, '2018-04-13', 29.8, 1, '24 / [OK] 06/03/2018'),
(531, '[MAG] Serra Corte - ML', 'D', '1 de 6', '2018-04-16', 18.32, 27, '2018-04-13', 18.32, 1, '27 / [OK] 11/03/2018'),
(532, '[MAG] Uol Sites', 'D', NULL, '2018-04-16', 51.99, 37, '2018-04-13', 51.99, 1, '37 / [OK] 14/03/2018'),
(533, '[MAG] Parcela Anuidade', 'D', NULL, '2018-04-16', 9.99, 38, '2018-04-13', 9.99, 1, '38 / [OK] 06/03/2018'),
(534, '[MAG] [CALGARY] Aeroméxico', 'D', '4 de 11', '2018-04-16', 269.25, 27, '2018-04-13', 269.25, 1, '27 / [OK] 21/12/2017'),
(535, '[MAG] HS Carolina HO', 'D', NULL, '2018-04-16', 37.45, 27, '2018-04-13', 37.45, 1, '27 / [OK] 13/12/2017'),
(536, '[MAG] Lojas KD', 'D', '2 de 10', '2018-04-16', 163, 27, '2018-04-13', 163, 1, '27 / [OK] 19/12/2017'),
(537, '[MAG] Spani Atacadista', 'D', NULL, '2018-04-16', 79.62, 24, '2018-04-13', 79.62, 1, '24 / [OK] 20/03/2018'),
(538, '[MAG] Drogal Americana', 'D', NULL, '2018-04-16', 89.96, 15, '2018-04-13', 89.96, 1, '15 / [OK] 22/03/2018'),
(539, '[MAG] Taty Utilidades', 'D', NULL, '2018-04-16', 70.84, 27, '2018-04-13', 70.84, 1, '27 / [OK] 26/03/2018'),
(540, '[MAG] Lopes Comércio - Tintas', 'D', NULL, '2018-04-16', 120, 27, '2018-04-13', 120, 1, '27 / [OK] 29/03/2018'),
(541, '[MAG] Centro A Da Saudade', 'D', NULL, '2018-04-16', 180.34, 7, '2018-04-13', 180.34, 1, '7 / [OK] 02/04/2018'),
(542, '[MAG] Envio Mens. Automatica', 'D', NULL, '2018-04-16', 5.5, 38, '2018-04-13', 5.5, 1, '38 / [OK] 04/04/2018'),
(543, '[NUB] Water Cooler - ML', 'D', NULL, '2018-04-20', 49.62, 27, '2018-04-13', 49.62, 1, '27 / [OK] 13/03/2018'),
(544, '[NUB] Eduk Cursos Online', 'D', NULL, '2018-04-20', 29.9, 27, '2018-04-13', 29.9, 1, '27 / [OK] 13/03/2018'),
(545, '[NUB] Pontal Dom Pedro', 'D', NULL, '2018-04-20', 84.75, 27, '2018-04-13', 84.75, 1, '27 / [OK] 13/03/2018'),
(546, '[NUB] W1 Finance', 'D', NULL, '2018-04-20', 148.58, 27, '2018-04-13', 148.57, 1, '27 / [OK] 13/03/2018'),
(547, '[NUB] W1 Finance - Bola', 'D', NULL, '2018-04-20', 52.75, 25, '2018-04-13', 52.75, 1, '25 / [OK] 13/03/2018'),
(548, '[NUB] Geladeira - Ponto Frio', 'D', '6 de 10', '2018-04-20', 189.9, 27, '2018-04-13', 189.9, 1, '27 / [OK] 13/03/2018'),
(549, '[NUB] Deckstore', 'D', NULL, '2018-04-20', 42.31, 27, '2018-04-13', 42.31, 1, '27 / [OK] 13/03/2018'),
(550, '[NUB] Paflon - ML', 'D', NULL, '2018-04-20', 72.39, 27, '2018-04-13', 72.39, 1, '27 / [OK] 13/03/2018'),
(551, '[NUB] Techshop - Cooktop', 'D', '2 de 5', '2018-04-20', 72.68, 27, '2018-04-13', 72.68, 1, '27 / [OK] 13/03/2018'),
(552, '[NUB] About Home - Bancada', 'D', NULL, '2018-04-20', 72.18, 27, '2018-04-13', 72.18, 1, '27 / [OK] 13/03/2018'),
(553, '[NUB] Lojas KD - Móveis', 'D', '2 de 10', '2018-04-20', 186.58, 27, '2018-04-13', 186.58, 1, '27 / [OK] 13/03/2018'),
(554, '[NUB] Apoquel - Mercado Livre', 'D', NULL, '2018-04-20', 218, 3, '2018-04-13', 218, 1, '3 / [OK] 13/03/2018'),
(555, '[NUB] Kalunga SOB', 'D', NULL, '2018-04-20', 12.8, 8, '2018-04-13', 12.8, 1, '8 / [OK] 15/03/2018'),
(556, '[NUB] Spotify', 'D', NULL, '2018-04-20', 26.9, 20, '2018-04-13', 26.9, 1, '20 / [OK] 16/03/2018'),
(557, '[NUB] Universo Online', 'D', NULL, '2018-04-20', 24.14, 37, '2018-04-13', 24.14, 1, '37 / [OK] 19/03/2018'),
(558, '[NUB] Rei do Cupim', 'D', NULL, '2018-04-20', 88.28, 23, '2018-04-13', 88.28, 1, '23 / [OK] 19/03/2018'),
(559, '[NUB] Drogaria Crisostomo', 'D', NULL, '2018-04-20', 45.4, 15, '2018-04-13', 45.4, 1, '15 / [OK] 19/03/2018'),
(560, '[NUB] Registro BR - Studio Paris', 'D', NULL, '2018-04-20', 40, 37, '2018-04-13', 40, 1, '37 / [OK] 22/03/2018'),
(561, '[NUB] Magic Online', 'D', NULL, '2018-04-20', 10.31, 23, '2018-04-13', 10.31, 1, '23 / [OK] 23/03/2018'),
(562, '[NUB] IOF - Magic Online', 'D', NULL, '2018-04-20', 0.66, 23, '2018-04-13', 0.66, 1, '23 / [OK] 23/03/2018'),
(563, '[NUB] Drogaria São Paulo', 'D', NULL, '2018-04-20', 76.85, 15, '2018-04-13', 76.85, 1, '15 / [OK] 28/03/2018'),
(564, '[NUB] Mercado Valente', 'D', NULL, '2018-04-20', 35.63, 24, '2018-04-13', 35.63, 1, '24 / [OK] 29/03/2018'),
(565, '[NUB] Posto Vip', 'D', NULL, '2018-04-20', 60, 7, '2018-04-13', 60, 1, '7 / [OK] 30/03/2018'),
(566, '[NUB] Mercado Pérola', 'D', NULL, '2018-04-20', 34.86, 24, '2018-04-13', 34.86, 1, '24 / [OK] 31/03/2018'),
(567, '[NUB] Universo Online', 'D', NULL, '2018-04-20', 49.99, 37, '2018-04-13', 49.99, 1, '37 / [OK] 02/04/2018'),
(568, '[NUB] Oriente Express', 'D', NULL, '2018-04-20', 36.74, 23, '2018-04-13', 36.74, 1, '23 / [OK] 02/04/2018'),
(569, '[NUB] Bandini - Pia Banheiro', 'D', '1 de 6', '2018-04-20', 136.15, 27, '2018-04-13', 136.15, 1, '27 / [OK] 02/04/2018'),
(570, '[NUB] Filial Drive Americana (?)', 'D', NULL, '2018-04-20', 32.9, 8, '2018-04-13', 32.9, 1, '8 / [OK] 04/04/2018'),
(571, '[NUB] Lustre - Etna', 'D', NULL, '2018-04-20', 50, 10, '2018-04-13', 50, 1, '10 / [OK] 06/04/2018'),
(572, '[NUB] Netflix', 'D', NULL, '2018-04-20', 27.9, 41, '2018-04-13', 27.9, 1, '41 / [OK] 07/04/2018'),
(573, '[NUB] Griletto - Almoço', 'D', NULL, '2018-04-20', 55.7, 24, '2018-04-13', 55.7, 1, '24 / [OK] 09/04/2018'),
(574, '[NUB] Ingresso Online Velox - Moviecom', 'D', NULL, '2018-04-20', 20.9, 23, '2018-04-13', 20.9, 1, '23 / [OK] 11/04/2018'),
(575, 'Marmoraria - Pia Cozinha', 'D', '1 de 4', '2018-04-07', 200, 27, '2018-04-13', 200, 1, '27'),
(576, 'Mercado Valente', 'D', NULL, '2018-04-14', 10, 24, '2018-04-14', 10, 1, '24'),
(577, 'MM Presentes', 'D', NULL, '2018-04-14', 30, 8, '2018-04-14', 30, 1, '8');
INSERT INTO `tb_lancamento` (`lan_id`, `lan_despesa`, `lan_tipo`, `lan_parcela`, `lan_vencimento`, `lan_valor`, `lan_categoria`, `lan_pagamento`, `lan_valor_pago`, `lan_conta`, `lan_observacao`) VALUES
(578, 'Oficina da Pizza', 'D', NULL, '2018-04-14', 43.5, 23, '2018-04-14', 43.5, 1, '23'),
(579, 'Mc Donalds', 'D', NULL, '2018-04-14', 10, 24, '2018-04-14', 10, 1, '24'),
(580, 'Aki Tem', 'D', NULL, '2018-04-15', 11.48, 8, '2018-04-15', 11.48, 1, '8'),
(581, 'Sorveteria Africano', 'D', NULL, '2018-04-15', 16, 23, '2018-04-15', 16, 1, '23'),
(582, 'Kalunga', 'D', NULL, '2018-04-15', 17.9, 10, '2018-04-15', 17.9, 1, '10'),
(583, 'Transf. De Poupança', 'T', NULL, '2018-04-16', 80, 40, '2018-04-16', 80, 1, '40'),
(584, 'Transf. Para SANT', 'T', NULL, '2018-04-16', -80, 40, '2018-04-16', -80, 5, '40'),
(585, 'Ajuda Amanda', 'D', NULL, '2018-04-16', 80, 29, '2018-04-16', 80, 1, '29'),
(586, 'Combustível - Posto Vip', 'D', NULL, '2018-04-16', 40, 7, '2018-04-16', 40, 1, '7'),
(587, 'DAE - Liberty Gardens', 'D', '4 de 12', '2018-04-27', 44.15, 1, '2018-04-16', 44.15, 1, '1'),
(588, 'Tarifa Pacote Serviço', 'D', NULL, '2018-04-16', 12.4, 38, '2018-04-16', 12.4, 4, '38'),
(589, 'Dicico', 'D', NULL, '2018-04-16', 25.9, 10, '2018-04-16', 25.9, 3, '10'),
(590, 'Vermei', 'D', NULL, '2018-04-16', 6.3, 10, '2018-04-16', 6.3, 3, '10'),
(591, 'Vermei', 'D', NULL, '2018-04-16', 7.5, 10, '2018-04-16', 7.5, 3, '10'),
(592, 'Rende Mais', 'D', NULL, '2018-04-16', 4, 24, '2018-04-16', 4, 3, '24'),
(593, 'Pote Água Dogs', 'D', NULL, '2018-04-16', 9, 3, '2018-04-16', 9, 3, '3'),
(594, 'Tarifa DOC', 'D', NULL, '2018-04-17', 9.4, 38, '2018-04-17', 9.4, 1, '38'),
(595, 'Combustível - Xodó', 'D', NULL, '2018-04-17', 50, 7, '2018-04-17', 50, 1, '7'),
(596, 'Combustível - Posto Vip', 'D', NULL, '2018-04-18', 30, 7, '2018-04-18', 30, 1, '7'),
(597, 'Spani Atacadista', 'D', NULL, '2018-04-18', 2.09, 24, '2018-04-18', 2.09, 1, '24'),
(598, 'Vermei', 'D', NULL, '2018-04-18', 7, 10, '2018-04-18', 7, 3, '10'),
(599, 'Chiquinho - Milkshake', 'D', NULL, '2018-04-19', 5.5, 23, '2018-04-19', 5.5, 1, '23'),
(600, 'Transf. De Casa', 'T', NULL, '2018-04-19', 305, 40, '2018-04-19', 305, 1, '40'),
(601, 'Transf. Para SANT', 'T', NULL, '2018-04-19', -305, 40, '2018-04-19', -305, 3, '40'),
(602, 'Transf. De Casa', 'T', NULL, '2018-04-19', 300, 40, '2018-04-19', 300, 2, '40'),
(603, 'Transf. Para CX', 'T', NULL, '2018-04-19', -300, 40, '2018-04-19', -300, 3, '40'),
(604, 'Spotify - João', 'R', NULL, '2018-04-19', 20, 30, '2018-04-19', 20, 3, '30'),
(605, 'Salário Dia 20', 'R', NULL, '2018-04-19', 1175, 30, '2018-04-19', 1175, 3, '30'),
(606, 'Fabinho - Mudança', 'D', NULL, '2018-04-19', 200, 10, '2018-04-19', 200, 3, '10'),
(607, 'Vivo Fibra', 'D', NULL, '2018-04-21', 176.16, 20, '2018-04-20', 176.16, 1, '20 / [OK] 12/02/2018'),
(608, 'Borracharia - Pneu Fiesta', 'D', NULL, '2018-04-21', 20, 5, '2018-04-21', 20, 3, '5'),
(609, 'Almoço - Mc Donalds', 'D', NULL, '2018-04-22', 20.9, 24, '2018-04-22', 20.9, 1, '24'),
(610, 'Dinheiro Produto Limpeza', 'R', NULL, '2018-04-22', 30, 30, '2018-04-22', 30, 3, '30'),
(611, 'Dinheiro Carla', 'D', NULL, '2018-04-22', 50.3, 4, '2018-04-22', 50.3, 3, '4'),
(612, 'Combustível - Posto Vip', 'D', NULL, '2018-04-23', 50, 7, '2018-04-23', 50, 1, '7'),
(613, 'São Vicente', 'D', NULL, '2018-04-24', 46.02, 24, '2018-04-24', 46.02, 1, '24'),
(614, 'Combustível - Posto Vip', 'D', NULL, '2018-04-24', 30, 7, '2018-04-24', 30, 1, '7'),
(615, 'Transf. Para BB', 'T', NULL, '2018-04-24', 370, 40, '2018-04-24', 370, 4, '40'),
(616, 'Transf. De Casa', 'T', NULL, '2018-04-24', -370, 40, '2018-04-24', -370, 3, '40'),
(617, 'Tarifa Extrato Consolidado', 'D', NULL, '2018-04-25', 4.8, 38, '2018-04-25', 4.8, 1, '38'),
(618, 'Sem Parar', 'D', '4 de 12', '2018-04-26', 138.61, 26, '2018-04-25', 138.61, 1, '26'),
(619, 'Aluguel Boer', 'D', NULL, '2018-04-25', 750, 2, '2018-04-25', 750, 1, '2'),
(620, 'DAE - Boer', 'D', NULL, '2018-04-27', 66.96, 1, '2018-04-25', 66.96, 1, '1'),
(621, 'IPTU casa Carla', 'D', NULL, '2018-04-15', 13, 25, '2018-04-25', 13, 1, '25'),
(622, 'INSS mãe Carla', 'D', NULL, '2018-04-15', 50, 25, '2018-04-25', 50, 1, '25'),
(623, 'Variação cambial a debito', 'D', NULL, '2018-04-25', 3.04, 38, '2018-04-25', 3.04, 1, '38'),
(624, 'Plast Car (caminha bebês)', 'D', NULL, '2018-04-25', 53.77, 3, '2018-04-25', 53.77, 1, '3'),
(625, 'Tomografia Carla (dentes)', 'D', NULL, '2018-04-25', 72.5, 13, '2018-04-25', 72.5, 1, '13'),
(626, 'Ibirapuera tecidos', 'D', NULL, '2018-04-25', 48.98, 4, '2018-04-25', 48.98, 1, '4'),
(627, 'Dentista Carla - Placa', 'D', NULL, '2018-04-25', 150, 13, '2018-04-25', 150, 1, '13'),
(628, 'Posto', 'D', NULL, '2018-04-25', 50, 7, '2018-04-25', 50, 1, '7'),
(629, 'Recarga Carla', 'D', NULL, '2018-04-25', 20, 4, '2018-04-25', 20, 1, '4'),
(630, 'Alianças', 'D', NULL, '2018-04-25', 82.72, 4, '2018-04-25', 82.72, 1, '4'),
(631, 'Guarda Roupa', 'D', NULL, '2018-04-25', 134.19, 27, '2018-04-25', 134.19, 1, '27'),
(632, 'Taty Utilidades (coisas apê)', 'D', NULL, '2018-04-25', 52.5, 10, '2018-04-25', 52.5, 1, '10'),
(633, 'Curso/Material organização', 'D', NULL, '2018-04-25', 28.94, 4, '2018-04-25', 28.94, 1, '4'),
(634, 'Capa volante', 'D', NULL, '2018-04-25', 20, 5, '2018-04-25', 25.36, 1, '5'),
(635, 'Empréstimo BB Fiesta', 'D', '34 de 48', '2018-04-27', 353.99, 18, '2018-04-27', 353.99, 4, '18'),
(636, 'Prest Habitação', 'D', '10 de 360', '2018-04-26', 288.83, 18, '2018-04-26', 288.83, 2, '18 / [OK] 04/04/2018'),
(637, 'Premiação', 'R', NULL, '2018-04-30', 1000, 30, '2018-04-30', 1000, 3, '30'),
(638, 'Salário Dia 5', 'R', NULL, '2018-06-01', 1763.09, 30, '2018-06-01', 1763.09, 3, '30'),
(639, 'Calça Jeans', 'D', NULL, '2018-06-01', 35, 32, '2018-06-01', 35, 1, '32'),
(640, '[CAR] Tomografia Carla (dentes)', 'D', NULL, '2018-05-25', 72.5, 13, '2018-06-01', 72.5, 1, '13 / [OK] 28/02/2018'),
(641, '[CAR] Dentista Carla - Placa', 'D', NULL, '2018-05-25', 150, 13, '2018-06-01', 150, 1, '13 / [OK] 16/03/2018'),
(642, '[CAR] Guarda Roupa', 'D', '2 de 10', '2018-05-25', 134.19, 27, '2018-06-01', 134.19, 1, '27 / [OK] 01/04/2018'),
(643, '[CAR] Curso/Material organização', 'D', '2 de 12', '2018-05-25', 28.94, 4, '2018-06-01', 28.94, 1, '4 / [OK] 02/04/2018'),
(644, '[CAR] Materias Organização Casa', 'D', NULL, '2018-05-25', 75.96, 4, '2018-06-01', 75.96, 1, '4 / [OK] 26/04/2018'),
(645, '[CAR] Combustível - Posto Saudade', 'D', NULL, '2018-05-25', 30, 7, '2018-06-01', 30, 1, '7 / [OK] 15/04/2018'),
(646, '[CAR] Multi Agro', 'D', NULL, '2018-05-25', 22, 3, '2018-06-01', 22, 1, '3 / [OK] 17/04/2018'),
(647, '[CAR] Combustível - Posto Sibéria', 'D', NULL, '2018-05-25', 40, 7, '2018-06-01', 40, 1, '7 / [OK] 24/04/2018'),
(648, '[CAR] Cartão Carla', 'D', NULL, '2018-05-25', 156.41, 4, '2018-06-01', 156.41, 1, '4'),
(649, 'Juros Conta', 'D', NULL, '2018-06-01', 101.73, 38, '2018-06-01', 101.73, 1, '38'),
(650, 'IOF Imposto', 'D', NULL, '2018-06-01', 1.64, 38, '2018-06-01', 1.64, 1, '38'),
(651, 'IOF Adicional', 'D', NULL, '2018-06-01', 8.28, 38, '2018-06-01', 8.28, 1, '38'),
(652, 'Assistência Odontológica', 'D', NULL, '2018-06-01', 36.6, 13, '2018-06-01', 36.6, 3, '13'),
(653, 'Seguro de Vida', 'D', NULL, '2018-06-01', 5, 35, '2018-06-01', 5, 3, '35'),
(654, 'Desconto Vale Refeição', 'D', NULL, '2018-06-01', 48.3, 26, '2018-06-01', 48.3, 3, '26'),
(655, 'Assistência Médica', 'D', NULL, '2018-06-01', 182.79, 28, '2018-06-01', 182.79, 3, '28'),
(656, 'IRRF', 'D', NULL, '2018-06-01', 39.14, 22, '2018-06-01', 39.14, 3, '22'),
(657, 'INSS', 'D', NULL, '2018-06-01', 323.26, 19, '2018-06-01', 323.26, 3, '19'),
(658, 'Dinheiro William - IPTU', 'R', NULL, '2018-06-04', 60.79, 25, '2018-06-04', 60.79, 4, '25'),
(659, 'Salgados Centro', 'D', NULL, '2018-06-02', 8.5, 24, '2018-06-02', 8.5, 1, '24'),
(660, 'Dinheiro Mami', 'D', NULL, '2018-06-02', 50, 29, '2018-06-02', 50, 3, '29'),
(661, 'Premiação - Maio', 'R', NULL, '2018-06-07', 1000, 30, '2018-06-07', 1000, 3, '30'),
(662, 'IPTU William', 'D', NULL, '2018-06-04', 60.79, 25, '2018-06-04', 60.79, 4, '25'),
(663, 'Transf. Para SANT', 'T', NULL, '2018-06-04', -1070, 40, '2018-06-04', -1070, 3, '40'),
(664, 'Transf. De CASA', 'T', NULL, '2018-06-04', 1070, 40, '2018-06-04', 1070, 1, '40'),
(665, 'Mercado Pérola', 'D', NULL, '2018-06-05', 14.24, 24, '2018-06-05', 14.24, 1, '24'),
(666, 'Venda Móvel', 'R', NULL, '2018-06-07', 140, 30, '2018-06-07', 140, 3, '30'),
(667, 'Combustível', 'D', NULL, '2018-06-07', 60, 7, '2018-06-07', 60, 3, '7'),
(668, 'Vegas Card', 'R', NULL, '2018-06-07', 68, 30, '2018-06-07', 68, 3, '30'),
(669, 'Spani Atacadista', 'D', NULL, '2018-06-07', 16.96, 24, '2018-06-07', 16.96, 1, '24'),
(670, 'Spotify - João e Heitor', 'R', NULL, '2018-06-11', 72, 30, '2018-06-11', 72, 3, '30'),
(671, 'Spani Atacadista', 'D', NULL, '2018-06-07', 68, 24, '2018-06-07', 68, 3, '24'),
(672, 'Transf. Para SANT', 'T', NULL, '2018-06-08', -940, 40, '2018-06-08', -940, 3, '40'),
(673, 'Transf. De CASA', 'T', NULL, '2018-06-08', 940, 40, '2018-06-08', 940, 1, '40'),
(674, 'Lanche - Subway', 'D', NULL, '2018-06-09', 7, 24, '2018-06-09', 7, 1, '24'),
(675, 'Kalunga', 'D', NULL, '2018-06-09', 49.4, 10, '2018-06-09', 49.4, 3, '10'),
(676, 'Bandini', 'D', NULL, '2018-06-09', 81, 10, '2018-06-09', 81, 3, '10'),
(677, 'Boleto Uninter - Pós', 'D', '3 de 17', '2018-06-11', 268, 27, '2018-06-11', 268, 1, '27'),
(678, 'Condomínio', 'D', '6 de 12', '2018-06-10', 342.11, 9, '2018-06-11', 342.11, 1, '9'),
(679, 'Marmoraria - Pia Cozinha', 'D', '3 de 4', '2018-06-07', 200, 27, '2018-06-11', 200, 1, '27'),
(680, 'DAE - Liberty Gardens', 'D', '6 de 12', '2018-06-12', 38.43, 1, '2018-06-11', 38.43, 1, '1'),
(681, 'Sistema Luis', 'R', NULL, '2018-06-11', 300, 30, '2018-06-11', 300, 3, '30'),
(682, 'Salário Dia 10', 'R', NULL, '2018-06-11', 3300, 30, '2018-06-11', 3300, 3, '30'),
(683, 'Roda e Silicone', 'D', NULL, '2018-06-11', 13, 10, '2018-06-11', 13, 3, '10'),
(684, 'Ração', 'D', NULL, '2018-06-11', 14.3, 3, '2018-06-11', 14.3, 3, '3'),
(685, 'Remédios', 'D', NULL, '2018-06-11', 25.85, 15, '2018-06-11', 25.85, 3, '15'),
(686, 'Dinheiro Marivete', 'R', NULL, '2018-06-11', 695, 25, '2018-06-11', 695, 3, '25'),
(687, 'Dinheiro Marivete + Carlos', 'R', NULL, '2018-06-11', 0, 25, '2018-06-11', 66, 3, '25'),
(688, 'Dinheiro Carla', 'R', NULL, '2018-06-11', 36.55, 30, '2018-06-11', 36.55, 3, '30'),
(689, 'Dinheiro Erilma', 'R', NULL, '2018-06-14', 100, 30, '2018-06-14', 100, 2, '30'),
(690, 'Retirada Carla', 'D', NULL, '2018-06-11', 14, 4, '2018-06-11', 14, 3, '4'),
(691, 'Deb Cesta', 'D', NULL, '2018-06-11', 12.1, 38, '2018-06-11', 12.1, 2, '38'),
(692, 'Sorvete', 'D', NULL, '2018-06-12', 5.75, 23, '2018-06-12', 5.75, 1, '23'),
(693, 'Transf. De CASA', 'T', NULL, '2018-06-12', 2200, 40, '2018-06-12', 2200, 1, '40'),
(694, 'Transf. De CASA', 'T', NULL, '2018-06-12', 1370, 40, '2018-06-12', 1370, 1, '40'),
(695, 'Transf. Para SANT', 'T', NULL, '2018-06-12', -3570, 40, '2018-06-12', -3570, 3, '40'),
(696, 'Paulistão', 'D', NULL, '2018-06-12', 27.75, 24, '2018-06-12', 27.75, 1, '24'),
(697, '[MAG] Taty Utilidades', 'D', NULL, '2018-06-16', 70.84, 27, '2018-06-12', 70.84, 1, '27 / [OK] 26/03/2018'),
(698, '[MAG] Etecnogás', 'D', NULL, '2018-06-16', 255, 27, '2018-06-12', 255, 1, '27 / [OK] 04/04/2018'),
(699, '[MAG] Talita Andrare - Mesa Cozinha', 'D', '2 de 3', '2018-06-16', 200, 10, '2018-06-12', 200, 1, '10 / [OK] 24/04/2018'),
(700, '[MAG] Combustível - Posto Gonçasves', 'D', NULL, '2018-06-16', 70, 7, '2018-06-12', 70, 1, '7 / [OK] 07/05/2018'),
(701, '[MAG] Lava e Seca', 'D', '1 de 24', '2018-06-16', 89.79, 27, '2018-06-12', 89.79, 1, '27 / [OK] 07/05/2018'),
(702, '[MAG] Curso Organize - Carla', 'D', '1 de 12', '2018-06-16', 145.85, 4, '2018-06-12', 145.85, 1, '4 / [OK] 11/05/2018'),
(703, '[MAG] Anuidade', 'D', NULL, '2018-06-16', 9.99, 38, '2018-06-12', 9.99, 1, '38 / [OK] 19/05/2018'),
(704, '[MAG] [CALGARY] Aeroméxico', 'D', '6 de 11', '2018-06-16', 269.25, 27, '2018-06-12', 269.25, 1, '27 / [OK] 21/12/2018'),
(705, '[MAG] Lojas KD', 'D', '4 de 10', '2018-06-16', 163, 27, '2018-06-12', 163, 1, '27 / [OK] 19/02/2018'),
(706, '[MAG] Serra Corte - ML', 'D', '3 de 6', '2018-06-16', 18.32, 27, '2018-06-12', 18.32, 1, '27 / [OK] 11/03/2018'),
(707, '[MAG] Bandini', 'D', '2 de 3', '2018-06-16', 55.95, 10, '2018-06-12', 55.95, 1, '10 / [OK] 09/04/2018'),
(708, '[MAG] Combustível - Posto Sibéria', 'D', NULL, '2018-06-16', 20, 7, '2018-06-12', 20, 1, '7 / [OK] 22/05/2018'),
(709, '[MAG] Agropet Mineiro', 'D', NULL, '2018-06-16', 38.3, 25, '2018-06-12', 38.3, 1, '25 / [OK] 29/05/2018'),
(710, '[MAG] Taty Utilidades', 'D', NULL, '2018-06-16', 30, 4, '2018-06-12', 30, 1, '4 / [OK] 29/05/2018'),
(711, '[MAG] Envio Mens. Automática', 'D', NULL, '2018-06-16', 5.5, 38, '2018-06-12', 5.5, 1, '38 / [OK] 05/06/2018'),
(712, 'Depósito Carla', 'D', NULL, '2018-06-12', 672.4, 25, '2018-06-12', 672.4, 3, '25'),
(713, 'Tarifas Conta Carla', 'D', NULL, '2018-06-12', 27.6, 38, '2018-06-12', 27.6, 3, '38'),
(714, 'Dinheiro Amanda', 'D', NULL, '2018-06-12', 50, 29, '2018-06-12', 50, 3, '29'),
(715, 'Futebol Wal', 'D', NULL, '2018-06-12', 35, 23, '2018-06-12', 35, 3, '23'),
(716, 'Taxa Eleitoral - Carla', 'D', NULL, '2018-06-12', 3.51, 38, '2018-06-12', 3.51, 4, '38'),
(717, 'CPFL - Liberty Gardens', 'D', '6 de 12', '2018-06-13', 70.18, 14, '2018-06-13', 70.18, 1, '14'),
(718, 'Combustível Bola', 'R', NULL, '2018-06-14', 20, 30, '2018-06-14', 20, 3, '30'),
(719, 'Spotify - João', 'R', NULL, '2018-06-15', 4, 30, '2018-06-15', 4, 3, '30'),
(720, 'Tarifa Pacote Serviço', 'D', NULL, '2018-06-15', 12.4, 38, '2018-06-15', 12.4, 4, '38'),
(721, 'Salário Dia 20', 'R', NULL, '2018-06-15', 1176, 30, '2018-06-18', 1176, 3, '30'),
(722, 'Dinheiro Valdete', 'R', NULL, '2018-06-18', 113, 30, '2018-06-18', 113, 2, '30'),
(723, 'Auriculoterapia - Gabi', 'D', NULL, '2018-06-18', 44, 4, '2018-06-18', 44, 3, '4'),
(724, 'Transf. De CASA', 'T', NULL, '2018-06-19', 740, 40, '2018-06-19', 740, 1, '40'),
(725, 'Transf. Para SANT', 'T', NULL, '2018-06-19', -740, 40, '2018-06-19', -740, 3, '40'),
(726, 'Transf. De CASA', 'T', NULL, '2018-06-19', 365, 40, '2018-06-19', 365, 4, '40'),
(727, 'Transf. Para BB', 'T', NULL, '2018-06-19', -365, 40, '2018-06-19', -365, 3, '40'),
(728, 'Transf. De CASA', 'T', NULL, '2018-06-19', 70, 40, '2018-06-19', 70, 2, '40'),
(729, 'Transf. Para CX', 'T', NULL, '2018-06-19', -70, 40, '2018-06-19', -70, 3, '40'),
(730, '[NUB] Padovani - Remédios', 'D', '2 de 3', '2018-06-20', 35.23, 3, '2018-06-20', 35.23, 1, '3 / [OK] 02/05/2018'),
(731, '[NUB] Mercado Livre - Cabo iPhone', 'D', '2 de 6', '2018-06-20', 6.61, 8, '2018-06-20', 6.61, 1, '8 / [OK] 01/05/2018'),
(732, '[NUB] W1 Finance', 'D', NULL, '2018-06-20', 148.58, 27, '2018-06-20', 148.58, 1, '27 / [OK] 13/04/2018'),
(733, '[NUB] W1 Finance - Bola', 'D', NULL, '2018-06-20', 52.75, 25, '2018-06-20', 52.75, 1, '25 / [OK] 13/04/2018'),
(734, '[NUB] Geladeira - Ponto Frio', 'D', '8 de 10', '2018-06-20', 189.9, 27, '2018-06-20', 189.9, 1, '27 / [OK] 13/04/2018'),
(735, '[NUB] Techshop - Cooktop', 'D', '4 de 5', '2018-06-20', 72.68, 27, '2018-06-20', 72.68, 1, '27 / [OK] 13/04/2018'),
(736, '[NUB] Lojas KD - Móveis', 'D', '4 de 10', '2018-06-20', 186.58, 27, '2018-06-20', 186.58, 1, '27 / [OK] 13/04/2018'),
(737, '[NUB] Bandini - Pia Banheiro', 'D', '3 de 6', '2018-06-20', 136.11, 27, '2018-06-20', 136.11, 1, '27 / [OK] 13/04/2018'),
(738, '[NUB] MTG - Eduardo Leme', 'D', NULL, '2018-06-20', 25.63, 23, '2018-06-20', 25.63, 1, '23 / [OK] 01/05/2018'),
(739, '[NUB] Shopping da Utilidade', 'D', NULL, '2018-06-20', 46.48, 10, '2018-06-20', 46.48, 1, '10 / [OK] 17/04/2018'),
(740, '[NUB] Avalon - Pré Release', 'D', NULL, '2018-06-20', 52.25, 23, '2018-06-20', 52.25, 1, '23 / [OK] 21/04/2018'),
(741, '[NUB] Mercado Livre - Varal', 'D', '2 de 6', '2018-06-20', 14.8, 6, '2018-06-20', 14.8, 1, '6 / [OK] 23/04/2018'),
(742, '[NUB] Mercado Livre - Gabinete PC', 'D', '2 de 10', '2018-06-20', 13.53, 8, '2018-06-20', 13.53, 1, '8 / [OK] 23/04/2018'),
(743, '[NUB] Mercado Livre - Repetidor', 'D', '2 de 4', '2018-06-20', 11.97, 8, '2018-06-20', 11.97, 1, '8 / [OK] 25/04/2018'),
(744, '[NUB] Uber - Futebol', 'D', NULL, '2018-06-20', 18.92, 23, '2018-06-20', 18.92, 1, '23 / [OK] 14/05/2018'),
(745, '[NUB] iFood', 'D', NULL, '2018-06-20', 39.99, 23, '2018-06-20', 39.99, 1, '23 / [OK] 14/05/2018'),
(746, '[NUB] Magic Online', 'D', NULL, '2018-06-20', 37.54, 23, '2018-06-20', 37.54, 1, '23 / [OK] 15/05/2018'),
(747, '[NUB] IOF Magic Online', 'D', NULL, '2018-06-20', 2.4, 38, '2018-06-20', 2.4, 1, '38 / [OK] 15/05/2018'),
(748, '[NUB] iFood', 'D', NULL, '2018-06-20', 19.96, 23, '2018-06-20', 19.96, 1, '23 / [OK] 17/05/2018'),
(749, '[NUB] Spotify', 'D', NULL, '2018-06-20', 26.9, 20, '2018-06-20', 26.9, 1, '20 / [OK] 17/05/2018'),
(750, '[NUB] Universo Online', 'D', NULL, '2018-06-20', 24.14, 37, '2018-06-20', 24.14, 1, '37 / [OK] 18/05/2018'),
(751, '[NUB] São Vicente', 'D', NULL, '2018-06-20', 142.17, 24, '2018-06-20', 142.17, 1, '24 / [OK] 18/05/2018'),
(752, '[NUB] Ingresso.com', 'D', NULL, '2018-06-20', 25.08, 23, '2018-06-20', 25.08, 1, '23 / [OK] 21/05/2018'),
(753, '[NUB] Spani', 'D', NULL, '2018-06-20', 148.82, 24, '2018-06-20', 148.82, 1, '24 / [OK] 24/04/2018'),
(754, '[NUB] Farmácia São Vicente', 'D', '1 de 2', '2018-06-20', 54.14, 15, '2018-06-20', 54.14, 1, '15 / [OK] 25/05/2018'),
(755, '[NUB] Combustível - Sibéria', 'D', NULL, '2018-06-20', 60, 7, '2018-06-20', 60, 1, '7 / [OK] 25/05/2018'),
(756, '[NUB] Rei do Pastel', 'D', NULL, '2018-06-20', 38.9, 23, '2018-06-20', 38.9, 1, '23 / [OK] 26/05/2018'),
(757, '[NUB] São Vicente', 'D', NULL, '2018-06-20', 83.91, 24, '2018-06-20', 83.91, 1, '24 / [OK] 28/05/2018'),
(758, '[NUB] Oficina da Pizza', 'D', NULL, '2018-06-20', 41.5, 23, '2018-06-20', 41.5, 1, '23 / [OK] 28/05/2018'),
(759, '[NUB] Kalunga', 'D', NULL, '2018-06-20', 17.4, 8, '2018-06-20', 17.4, 1, '8 / [OK] 28/05/2018'),
(760, '[NUB] A Guilda - Magic', 'D', NULL, '2018-06-20', 67, 23, '2018-06-20', 67, 1, '23 / [OK] 28/05/2018'),
(761, '[NUB] Drogal', 'D', NULL, '2018-06-20', 61.39, 15, '2018-06-20', 61.39, 1, '15 / [OK] 31/05/2018'),
(762, '[NUB] Universo Online', 'D', NULL, '2018-06-20', 49.99, 37, '2018-06-20', 49.99, 1, '37 / [OK] 01/06/2018'),
(763, '[NUB] São Vicente', 'D', NULL, '2018-06-20', 57.3, 24, '2018-06-20', 57.3, 1, '24 / [OK] 01/06/2018'),
(764, '[NUB] iFood', 'D', NULL, '2018-06-20', 39.99, 23, '2018-06-20', 39.99, 1, '23 / [OK] 02/06/2018'),
(765, '[NUB] Taty Utilidades', 'D', NULL, '2018-06-20', 32.99, 10, '2018-06-20', 32.99, 1, '10 / [OK] 04/06/2018'),
(766, '[NUB] São Vicente', 'D', NULL, '2018-06-20', 80.15, 24, '2018-06-20', 80.15, 1, '24 / [OK] 04/06/2018'),
(767, '[NUB] Rei do Pastel', 'D', NULL, '2018-06-20', 39, 23, '2018-06-20', 39, 1, '23 / [OK] 04/06/2018'),
(768, '[NUB] Netflix', 'D', NULL, '2018-06-20', 27.9, 41, '2018-06-20', 27.9, 1, '41 / [OK] 06/06/2018'),
(769, '[NUB] Reembolso - Lojas KD', 'R', NULL, '2018-06-20', 1301.85, 30, '2018-06-20', 1301.85, 1, '30'),
(770, 'Recarga Tim - Carla', 'D', NULL, '2018-06-22', 20, 39, '2018-06-22', 20, 1, '39'),
(771, 'Bela Pane - Assembléia', 'D', NULL, '2018-06-24', 33.95, 24, '2018-06-24', 33.95, 1, '24'),
(772, 'Contribuição - Assembléia', 'D', NULL, '2018-06-24', 50, 12, '2018-06-24', 50, 1, '12'),
(773, 'Sem Parar', 'D', '6 de 12', '2018-06-26', 16.41, 26, '2018-06-25', 16.41, 1, '26 / [OK] 18/06/2018'),
(774, 'Vivo Fibra', 'D', '6 de 12', '2018-06-25', 128.76, 20, '2018-06-25', 128.76, 1, '20 / [OK] 19/06/2018'),
(775, 'Chiquinho', 'D', NULL, '2018-06-20', 5, 23, '2018-06-20', 5, 3, '23'),
(776, 'Dinheiro Bola', 'R', NULL, '2018-06-21', 207, 25, '2018-06-21', 207, 3, '25'),
(777, 'Salgadinho TI', 'D', NULL, '2018-06-22', 10, 23, '2018-06-22', 10, 3, '23'),
(778, '[CAR] Tomografia Carla (dentes)', 'D', NULL, '2018-06-25', 72.5, 13, '2018-06-25', 72.5, 1, '13'),
(779, '[CAR] Dentista Carla - Placa', 'D', NULL, '2018-06-25', 150, 13, '2018-06-25', 150, 1, '13'),
(780, '[CAR] Guarda Roupa', 'D', '3 de 10', '2018-06-25', 134.19, 27, '2018-06-25', 134.19, 1, '27'),
(781, '[CAR] Curso/Material organização', 'D', '3 de 12', '2018-06-25', 28.94, 4, '2018-06-25', 28.94, 1, '4'),
(782, '[CAR] Danny Cosméticos', 'D', '2 de 3', '2018-06-25', 37.48, 4, '2018-06-25', 37.48, 1, '4'),
(783, '[CAR] Combustível', 'D', NULL, '2018-06-25', 60, 7, '2018-06-25', 60, 1, '7'),
(784, '[CAR] Taty Utilidades', 'D', NULL, '2018-06-25', 31, 4, '2018-06-25', 31, 1, '4'),
(785, '[CAR] Cartão Carla - Mãe/Irmão', 'D', NULL, '2018-06-25', 435.89, 25, '2018-06-25', 435.89, 1, '25'),
(786, 'Tarifa Extrato Consolidado', 'D', NULL, '2018-06-27', 4.8, 38, '2018-06-27', 4.8, 1, '38'),
(787, 'Empréstimo BB Fiesta', 'D', '36 de 48', '2018-06-27', 353.99, 18, '2018-06-27', 353.99, 4, '18'),
(788, 'Prest Habitação', 'D', '12 de 360', '2018-06-28', 282.26, 18, '2018-06-26', 282.26, 2, '18'),
(789, 'Dinheiro Bola - Steam Nubank', 'R', NULL, '2018-06-26', 5, 25, '2018-06-26', 5, 3, '25'),
(790, 'Dinheiro Marivete - Cartão Carla', 'R', NULL, '2018-06-27', 250, 25, '2018-06-27', 250, 3, '25'),
(791, 'Transf. De CASA', 'T', NULL, '2018-06-28', 500, 40, '2018-06-28', 500, 1, '40'),
(792, 'Transf. Para SANT', 'T', NULL, '2018-06-28', -500, 40, '2018-06-28', -500, 3, '40'),
(793, 'Sistema Luis', 'R', NULL, '2018-06-29', 200, 30, '2018-06-29', 200, 3, '30'),
(794, 'Transf. De CASA', 'T', NULL, '2018-06-29', 200, 40, '2018-06-29', 200, 1, '40'),
(795, 'Transf. Para SANT', 'T', NULL, '2018-06-29', -200, 40, '2018-06-29', -200, 3, '40'),
(796, 'Transf. Pro Gú - Feijoada', 'D', NULL, '2018-06-30', 30, 23, '2018-06-30', 30, 1, '23'),
(797, 'Marmoraria - Pia Cozinha', 'D', '4 de 4', '2018-07-07', 200, 27, NULL, NULL, NULL, NULL),
(798, 'Boleto Uninter - Pós', 'D', '4 de 17', '2018-07-10', 268, 27, NULL, NULL, NULL, NULL),
(799, 'Boleto Uninter - Pós', 'D', '5 de 17', '2018-08-10', 268, 27, NULL, NULL, NULL, NULL),
(800, 'Boleto Uninter - Pós', 'D', '6 de 17', '2018-09-10', 268, 27, NULL, NULL, NULL, NULL),
(801, 'Boleto Uninter - Pós', 'D', '7 de 17', '2018-10-10', 268, 27, NULL, NULL, NULL, NULL),
(802, 'Boleto Uninter - Pós', 'D', '8 de 17', '2018-11-10', 268, 27, NULL, NULL, NULL, NULL),
(803, 'Boleto Uninter - Pós', 'D', '9 de 17', '2018-12-10', 268, 27, NULL, NULL, NULL, NULL),
(804, 'Boleto Uninter - Pós', 'D', '10 de 17', '2019-01-10', 268, 27, NULL, NULL, NULL, NULL),
(805, 'Boleto Uninter - Pós', 'D', '11 de 17', '2019-02-10', 268, 27, NULL, NULL, NULL, NULL),
(806, 'Boleto Uninter - Pós', 'D', '12 de 17', '2019-03-10', 268, 27, NULL, NULL, NULL, NULL),
(807, 'Boleto Uninter - Pós', 'D', '13 de 17', '2019-04-10', 268, 27, NULL, NULL, NULL, NULL),
(808, 'Boleto Uninter - Pós', 'D', '14 de 17', '2019-05-10', 268, 27, NULL, NULL, NULL, NULL),
(809, 'Boleto Uninter - Pós', 'D', '15 de 17', '2019-06-10', 268, 27, NULL, NULL, NULL, NULL),
(810, 'Boleto Uninter - Pós', 'D', '16 de 17', '2019-07-10', 268, 27, NULL, NULL, NULL, NULL),
(811, 'Boleto Uninter - Pós', 'D', '17 de 17', '2019-08-10', 268, 27, NULL, NULL, NULL, NULL),
(812, 'Condomínio', 'D', '7 de 12', '2018-07-10', 240, 9, NULL, NULL, NULL, NULL),
(813, 'Condomínio', 'D', '8 de 12', '2018-08-10', 240, 9, NULL, NULL, NULL, NULL),
(814, 'Condomínio', 'D', '9 de 12', '2018-09-10', 240, 9, NULL, NULL, NULL, NULL),
(815, 'Condomínio', 'D', '10 de 12', '2018-10-10', 240, 9, NULL, NULL, NULL, NULL),
(816, 'Condomínio', 'D', '11 de 12', '2018-11-10', 240, 9, NULL, NULL, NULL, NULL),
(817, 'Condomínio', 'D', '12 de 12', '2018-12-10', 240, 9, NULL, NULL, NULL, NULL),
(818, 'DAE - Liberty Gardens', 'D', '7 de 12', '2018-07-12', 35, 1, NULL, NULL, NULL, NULL),
(819, 'DAE - Liberty Gardens', 'D', '8 de 12', '2018-08-12', 35, 1, NULL, NULL, NULL, NULL),
(820, 'DAE - Liberty Gardens', 'D', '9 de 12', '2018-09-12', 35, 1, NULL, NULL, NULL, NULL),
(821, 'DAE - Liberty Gardens', 'D', '10 de 12', '2018-10-12', 35, 1, NULL, NULL, NULL, NULL),
(822, 'DAE - Liberty Gardens', 'D', '11 de 12', '2018-11-12', 35, 1, NULL, NULL, NULL, NULL),
(823, 'DAE - Liberty Gardens', 'D', '12 de 12', '2018-12-12', 35, 1, NULL, NULL, NULL, NULL),
(824, 'CPFL - Liberty Gardens', 'D', '7 de 12', '2018-07-13', 174.05, 14, NULL, NULL, NULL, 'Agendado 13/07/2018'),
(825, 'CPFL - Liberty Gardens', 'D', '8 de 12', '2018-08-13', 80, 14, NULL, NULL, NULL, NULL),
(826, 'CPFL - Liberty Gardens', 'D', '9 de 12', '2018-09-13', 80, 14, NULL, NULL, NULL, NULL),
(827, 'CPFL - Liberty Gardens', 'D', '10 de 12', '2018-10-13', 80, 14, NULL, NULL, NULL, NULL),
(828, 'CPFL - Liberty Gardens', 'D', '11 de 12', '2018-11-13', 80, 14, NULL, NULL, NULL, NULL),
(829, 'CPFL - Liberty Gardens', 'D', '12 de 12', '2018-12-13', 80, 14, NULL, NULL, NULL, NULL),
(830, 'Vivo Fibra', 'D', '7 de 12', '2018-07-21', 128, 20, NULL, NULL, NULL, NULL),
(831, 'Vivo Fibra', 'D', '8 de 12', '2018-08-21', 128, 20, NULL, NULL, NULL, NULL),
(832, 'Vivo Fibra', 'D', '9 de 12', '2018-09-21', 128, 20, NULL, NULL, NULL, NULL),
(833, 'Vivo Fibra', 'D', '10 de 12', '2018-10-21', 128, 20, NULL, NULL, NULL, NULL),
(834, 'Vivo Fibra', 'D', '11 de 12', '2018-11-21', 128, 20, NULL, NULL, NULL, NULL),
(835, 'Vivo Fibra', 'D', '12 de 12', '2018-12-21', 128, 20, NULL, NULL, NULL, NULL),
(836, 'Sem Parar', 'D', '7 de 12', '2018-07-26', 25, 26, NULL, NULL, NULL, NULL),
(837, 'Sem Parar', 'D', '8 de 12', '2018-08-26', 25, 26, NULL, NULL, NULL, NULL),
(838, 'Sem Parar', 'D', '9 de 12', '2018-09-26', 25, 26, NULL, NULL, NULL, NULL),
(839, 'Sem Parar', 'D', '10 de 12', '2018-10-26', 25, 26, NULL, NULL, NULL, NULL),
(840, 'Sem Parar', 'D', '11 de 12', '2018-11-26', 25, 26, NULL, NULL, NULL, NULL),
(841, 'Sem Parar', 'D', '12 de 12', '2018-12-26', 25, 26, NULL, NULL, NULL, NULL),
(842, 'Empréstimo BB Fiesta', 'D', '37 de 48', '2018-07-27', 353.99, 18, NULL, NULL, NULL, NULL),
(843, 'Empréstimo BB Fiesta', 'D', '38 de 48', '2018-08-27', 353.99, 18, NULL, NULL, NULL, NULL),
(844, 'Empréstimo BB Fiesta', 'D', '39 de 48', '2018-09-27', 353.99, 18, NULL, NULL, NULL, NULL),
(845, 'Empréstimo BB Fiesta', 'D', '40 de 48', '2018-10-27', 353.99, 18, NULL, NULL, NULL, NULL),
(846, 'Empréstimo BB Fiesta', 'D', '41 de 48', '2018-11-27', 353.99, 18, NULL, NULL, NULL, NULL),
(847, 'Empréstimo BB Fiesta', 'D', '42 de 48', '2018-12-27', 353.99, 18, NULL, NULL, NULL, NULL),
(848, 'Empréstimo BB Fiesta', 'D', '43 de 48', '2019-01-27', 353.99, 18, NULL, NULL, NULL, NULL),
(849, 'Empréstimo BB Fiesta', 'D', '44 de 48', '2019-02-27', 353.99, 18, NULL, NULL, NULL, NULL),
(850, 'Empréstimo BB Fiesta', 'D', '45 de 48', '2019-03-27', 353.99, 18, NULL, NULL, NULL, NULL),
(851, 'Empréstimo BB Fiesta', 'D', '46 de 48', '2019-04-27', 353.99, 18, NULL, NULL, NULL, NULL),
(852, 'Empréstimo BB Fiesta', 'D', '47 de 48', '2019-05-27', 353.99, 18, NULL, NULL, NULL, NULL),
(853, 'Empréstimo BB Fiesta', 'D', '48 de 48', '2019-06-27', 353.99, 18, NULL, NULL, NULL, NULL),
(854, 'Prest Habitação', 'D', '13 de 360', '2018-07-28', 285, 18, NULL, NULL, NULL, NULL),
(855, 'Prest Habitação', 'D', '14 de 360', '2018-08-28', 285, 18, NULL, NULL, NULL, NULL),
(856, 'Prest Habitação', 'D', '15 de 360', '2018-09-28', 285, 18, NULL, NULL, NULL, NULL),
(857, 'Prest Habitação', 'D', '16 de 360', '2018-10-28', 285, 18, NULL, NULL, NULL, NULL),
(858, 'Prest Habitação', 'D', '17 de 360', '2018-11-28', 285, 18, NULL, NULL, NULL, NULL),
(859, 'Prest Habitação', 'D', '18 de 360', '2018-12-28', 285, 18, NULL, NULL, NULL, NULL),
(860, 'Prest Habitação', 'D', '19 de 360', '2019-01-28', 285, 18, NULL, NULL, NULL, NULL),
(861, 'Prest Habitação', 'D', '20 de 360', '2019-02-28', 285, 18, NULL, NULL, NULL, NULL),
(862, 'Prest Habitação', 'D', '21 de 360', '2019-03-28', 1025, 18, NULL, NULL, NULL, NULL),
(863, 'Prest Habitação', 'D', '22 de 360', '2019-04-28', 1025, 18, NULL, NULL, NULL, NULL),
(864, 'Prest Habitação', 'D', '23 de 360', '2019-05-28', 1025, 18, NULL, NULL, NULL, NULL),
(865, 'Prest Habitação', 'D', '24 de 360', '2019-06-28', 1025, 18, NULL, NULL, NULL, NULL),
(866, 'Prest Habitação', 'D', '25 de 360', '2019-07-28', 1025, 18, NULL, NULL, NULL, NULL),
(867, 'Prest Habitação', 'D', '26 de 360', '2019-08-28', 1025, 18, NULL, NULL, NULL, NULL),
(868, 'Prest Habitação', 'D', '27 de 360', '2019-09-28', 1025, 18, NULL, NULL, NULL, NULL),
(869, 'Prest Habitação', 'D', '28 de 360', '2019-10-28', 1025, 18, NULL, NULL, NULL, NULL),
(870, 'Prest Habitação', 'D', '29 de 360', '2019-11-28', 1025, 18, NULL, NULL, NULL, NULL),
(871, 'Prest Habitação', 'D', '30 de 360', '2019-12-28', 1025, 18, NULL, NULL, NULL, NULL),
(872, 'Prest Habitação', 'D', '31 de 360', '2020-01-28', 1025, 18, NULL, NULL, NULL, NULL),
(873, 'Prest Habitação', 'D', '32 de 360', '2020-02-28', 1025, 18, NULL, NULL, NULL, NULL),
(874, 'Prest Habitação', 'D', '33 de 360', '2020-03-28', 1025, 18, NULL, NULL, NULL, NULL),
(875, 'Prest Habitação', 'D', '34 de 360', '2020-04-28', 1025, 18, NULL, NULL, NULL, NULL),
(876, 'Prest Habitação', 'D', '35 de 360', '2020-05-28', 1025, 18, NULL, NULL, NULL, NULL),
(877, 'Prest Habitação', 'D', '36 de 360', '2020-06-28', 1025, 18, NULL, NULL, NULL, NULL),
(878, 'Prest Habitação', 'D', '37 de 360', '2020-07-28', 1025, 18, NULL, NULL, NULL, NULL),
(879, 'Prest Habitação', 'D', '38 de 360', '2020-08-28', 1025, 18, NULL, NULL, NULL, NULL),
(880, 'Prest Habitação', 'D', '39 de 360', '2020-09-28', 1025, 18, NULL, NULL, NULL, NULL),
(881, 'Prest Habitação', 'D', '40 de 360', '2020-10-28', 1025, 18, NULL, NULL, NULL, NULL),
(882, 'Prest Habitação', 'D', '41 de 360', '2020-11-28', 1025, 18, NULL, NULL, NULL, NULL),
(883, 'Prest Habitação', 'D', '42 de 360', '2020-12-28', 1025, 18, NULL, NULL, NULL, NULL),
(884, 'Prest Habitação', 'D', '43 de 360', '2021-01-28', 1025, 18, NULL, NULL, NULL, NULL),
(885, 'Prest Habitação', 'D', '44 de 360', '2021-02-28', 1025, 18, NULL, NULL, NULL, NULL),
(886, 'Prest Habitação', 'D', '45 de 360', '2021-03-28', 1025, 18, NULL, NULL, NULL, NULL),
(887, 'Prest Habitação', 'D', '46 de 360', '2021-04-28', 1025, 18, NULL, NULL, NULL, NULL),
(888, 'Prest Habitação', 'D', '47 de 360', '2021-05-28', 1025, 18, NULL, NULL, NULL, NULL),
(889, 'Prest Habitação', 'D', '48 de 360', '2021-06-28', 1025, 18, NULL, NULL, NULL, NULL),
(890, 'Prest Habitação', 'D', '49 de 360', '2021-07-28', 1025, 18, NULL, NULL, NULL, NULL),
(891, 'Prest Habitação', 'D', '50 de 360', '2021-08-28', 1025, 18, NULL, NULL, NULL, NULL),
(892, 'Prest Habitação', 'D', '51 de 360', '2021-09-28', 1025, 18, NULL, NULL, NULL, NULL),
(893, 'Prest Habitação', 'D', '52 de 360', '2021-10-28', 1025, 18, NULL, NULL, NULL, NULL),
(894, 'Prest Habitação', 'D', '53 de 360', '2021-11-28', 1025, 18, NULL, NULL, NULL, NULL),
(895, 'Prest Habitação', 'D', '54 de 360', '2021-12-28', 1025, 18, NULL, NULL, NULL, NULL),
(896, 'Prest Habitação', 'D', '55 de 360', '2022-01-28', 1025, 18, NULL, NULL, NULL, NULL),
(897, 'Prest Habitação', 'D', '56 de 360', '2022-02-28', 1025, 18, NULL, NULL, NULL, NULL),
(898, 'Prest Habitação', 'D', '57 de 360', '2022-03-28', 1025, 18, NULL, NULL, NULL, NULL),
(899, 'Prest Habitação', 'D', '58 de 360', '2022-04-28', 1025, 18, NULL, NULL, NULL, NULL),
(900, 'Prest Habitação', 'D', '59 de 360', '2022-05-28', 1025, 18, NULL, NULL, NULL, NULL),
(901, 'Prest Habitação', 'D', '60 de 360', '2022-06-28', 1025, 18, NULL, NULL, NULL, NULL),
(902, 'Prest Habitação', 'D', '61 de 360', '2022-07-28', 1025, 18, NULL, NULL, NULL, NULL),
(903, 'Prest Habitação', 'D', '62 de 360', '2022-08-28', 1025, 18, NULL, NULL, NULL, NULL),
(904, 'Prest Habitação', 'D', '63 de 360', '2022-09-28', 1025, 18, NULL, NULL, NULL, NULL),
(905, 'Prest Habitação', 'D', '64 de 360', '2022-10-28', 1025, 18, NULL, NULL, NULL, NULL),
(906, 'Prest Habitação', 'D', '65 de 360', '2022-11-28', 1025, 18, NULL, NULL, NULL, NULL),
(907, 'Prest Habitação', 'D', '66 de 360', '2022-12-28', 1025, 18, NULL, NULL, NULL, NULL),
(908, 'Prest Habitação', 'D', '67 de 360', '2023-01-28', 1025, 18, NULL, NULL, NULL, NULL),
(909, 'Prest Habitação', 'D', '68 de 360', '2023-02-28', 1025, 18, NULL, NULL, NULL, NULL),
(910, 'Prest Habitação', 'D', '69 de 360', '2023-03-28', 1025, 18, NULL, NULL, NULL, NULL),
(911, 'Prest Habitação', 'D', '70 de 360', '2023-04-28', 1025, 18, NULL, NULL, NULL, NULL),
(912, 'Prest Habitação', 'D', '71 de 360', '2023-05-28', 1025, 18, NULL, NULL, NULL, NULL),
(913, 'Prest Habitação', 'D', '72 de 360', '2023-06-28', 1025, 18, NULL, NULL, NULL, NULL),
(914, 'Prest Habitação', 'D', '73 de 360', '2023-07-28', 1025, 18, NULL, NULL, NULL, NULL),
(915, 'Prest Habitação', 'D', '74 de 360', '2023-08-28', 1025, 18, NULL, NULL, NULL, NULL),
(916, 'Prest Habitação', 'D', '75 de 360', '2023-09-28', 1025, 18, NULL, NULL, NULL, NULL),
(917, 'Prest Habitação', 'D', '76 de 360', '2023-10-28', 1025, 18, NULL, NULL, NULL, NULL),
(918, 'Prest Habitação', 'D', '77 de 360', '2023-11-28', 1025, 18, NULL, NULL, NULL, NULL),
(919, 'Prest Habitação', 'D', '78 de 360', '2023-12-28', 1025, 18, NULL, NULL, NULL, NULL),
(920, 'Prest Habitação', 'D', '79 de 360', '2024-01-28', 1025, 18, NULL, NULL, NULL, NULL),
(921, 'Prest Habitação', 'D', '80 de 360', '2024-02-28', 1025, 18, NULL, NULL, NULL, NULL),
(922, 'Prest Habitação', 'D', '81 de 360', '2024-03-28', 1025, 18, NULL, NULL, NULL, NULL),
(923, 'Prest Habitação', 'D', '82 de 360', '2024-04-28', 1025, 18, NULL, NULL, NULL, NULL),
(924, 'Prest Habitação', 'D', '83 de 360', '2024-05-28', 1025, 18, NULL, NULL, NULL, NULL),
(925, 'Prest Habitação', 'D', '84 de 360', '2024-06-28', 1025, 18, NULL, NULL, NULL, NULL),
(926, 'Prest Habitação', 'D', '85 de 360', '2024-07-28', 1025, 18, NULL, NULL, NULL, NULL),
(927, 'Prest Habitação', 'D', '86 de 360', '2024-08-28', 1025, 18, NULL, NULL, NULL, NULL),
(928, 'Prest Habitação', 'D', '87 de 360', '2024-09-28', 1025, 18, NULL, NULL, NULL, NULL),
(929, 'Prest Habitação', 'D', '88 de 360', '2024-10-28', 1025, 18, NULL, NULL, NULL, NULL),
(930, 'Prest Habitação', 'D', '89 de 360', '2024-11-28', 1025, 18, NULL, NULL, NULL, NULL),
(931, 'Prest Habitação', 'D', '90 de 360', '2024-12-28', 1025, 18, NULL, NULL, NULL, NULL),
(932, 'Prest Habitação', 'D', '91 de 360', '2025-01-28', 1025, 18, NULL, NULL, NULL, NULL),
(933, 'Prest Habitação', 'D', '92 de 360', '2025-02-28', 1025, 18, NULL, NULL, NULL, NULL),
(934, 'Prest Habitação', 'D', '93 de 360', '2025-03-28', 1025, 18, NULL, NULL, NULL, NULL),
(935, 'Prest Habitação', 'D', '94 de 360', '2025-04-28', 1025, 18, NULL, NULL, NULL, NULL),
(936, 'Prest Habitação', 'D', '95 de 360', '2025-05-28', 1025, 18, NULL, NULL, NULL, NULL),
(937, 'Prest Habitação', 'D', '96 de 360', '2025-06-28', 1025, 18, NULL, NULL, NULL, NULL),
(938, 'Prest Habitação', 'D', '97 de 360', '2025-07-28', 1025, 18, NULL, NULL, NULL, NULL),
(939, 'Prest Habitação', 'D', '98 de 360', '2025-08-28', 1025, 18, NULL, NULL, NULL, NULL),
(940, 'Prest Habitação', 'D', '99 de 360', '2025-09-28', 1025, 18, NULL, NULL, NULL, NULL),
(941, 'Prest Habitação', 'D', '100 de 360', '2025-10-28', 1025, 18, NULL, NULL, NULL, NULL),
(942, 'Prest Habitação', 'D', '101 de 360', '2025-11-28', 1025, 18, NULL, NULL, NULL, NULL),
(943, 'Prest Habitação', 'D', '102 de 360', '2025-12-28', 1025, 18, NULL, NULL, NULL, NULL),
(944, 'Prest Habitação', 'D', '103 de 360', '2026-01-28', 1025, 18, NULL, NULL, NULL, NULL),
(945, 'Prest Habitação', 'D', '104 de 360', '2026-02-28', 1025, 18, NULL, NULL, NULL, NULL),
(946, 'Prest Habitação', 'D', '105 de 360', '2026-03-28', 1025, 18, NULL, NULL, NULL, NULL),
(947, 'Prest Habitação', 'D', '106 de 360', '2026-04-28', 1025, 18, NULL, NULL, NULL, NULL),
(948, 'Prest Habitação', 'D', '107 de 360', '2026-05-28', 1025, 18, NULL, NULL, NULL, NULL),
(949, 'Prest Habitação', 'D', '108 de 360', '2026-06-28', 1025, 18, NULL, NULL, NULL, NULL),
(950, 'Prest Habitação', 'D', '109 de 360', '2026-07-28', 1025, 18, NULL, NULL, NULL, NULL),
(951, 'Prest Habitação', 'D', '110 de 360', '2026-08-28', 1025, 18, NULL, NULL, NULL, NULL),
(952, 'Prest Habitação', 'D', '111 de 360', '2026-09-28', 1025, 18, NULL, NULL, NULL, NULL),
(953, 'Prest Habitação', 'D', '112 de 360', '2026-10-28', 1025, 18, NULL, NULL, NULL, NULL),
(954, 'Prest Habitação', 'D', '113 de 360', '2026-11-28', 1025, 18, NULL, NULL, NULL, NULL),
(955, 'Prest Habitação', 'D', '114 de 360', '2026-12-28', 1025, 18, NULL, NULL, NULL, NULL),
(956, 'Prest Habitação', 'D', '115 de 360', '2027-01-28', 1025, 18, NULL, NULL, NULL, NULL),
(957, 'Prest Habitação', 'D', '116 de 360', '2027-02-28', 1025, 18, NULL, NULL, NULL, NULL),
(958, 'Prest Habitação', 'D', '117 de 360', '2027-03-28', 1025, 18, NULL, NULL, NULL, NULL),
(959, 'Prest Habitação', 'D', '118 de 360', '2027-04-28', 1025, 18, NULL, NULL, NULL, NULL),
(960, 'Prest Habitação', 'D', '119 de 360', '2027-05-28', 1025, 18, NULL, NULL, NULL, NULL),
(961, 'Prest Habitação', 'D', '120 de 360', '2027-06-28', 1025, 18, NULL, NULL, NULL, NULL),
(962, 'Prest Habitação', 'D', '121 de 360', '2027-07-28', 1025, 18, NULL, NULL, NULL, NULL),
(963, 'Prest Habitação', 'D', '122 de 360', '2027-08-28', 1025, 18, NULL, NULL, NULL, NULL),
(964, 'Prest Habitação', 'D', '123 de 360', '2027-09-28', 1025, 18, NULL, NULL, NULL, NULL),
(965, 'Prest Habitação', 'D', '124 de 360', '2027-10-28', 1025, 18, NULL, NULL, NULL, NULL),
(966, 'Prest Habitação', 'D', '125 de 360', '2027-11-28', 1025, 18, NULL, NULL, NULL, NULL),
(967, 'Prest Habitação', 'D', '126 de 360', '2027-12-28', 1025, 18, NULL, NULL, NULL, NULL),
(968, 'Prest Habitação', 'D', '127 de 360', '2028-01-28', 1025, 18, NULL, NULL, NULL, NULL),
(969, 'Prest Habitação', 'D', '128 de 360', '2028-02-28', 1025, 18, NULL, NULL, NULL, NULL),
(970, 'Prest Habitação', 'D', '129 de 360', '2028-03-28', 1025, 18, NULL, NULL, NULL, NULL),
(971, 'Prest Habitação', 'D', '130 de 360', '2028-04-28', 1025, 18, NULL, NULL, NULL, NULL),
(972, 'Prest Habitação', 'D', '131 de 360', '2028-05-28', 1025, 18, NULL, NULL, NULL, NULL),
(973, 'Prest Habitação', 'D', '132 de 360', '2028-06-28', 1025, 18, NULL, NULL, NULL, NULL),
(974, 'Prest Habitação', 'D', '133 de 360', '2028-07-28', 1025, 18, NULL, NULL, NULL, NULL),
(975, 'Prest Habitação', 'D', '134 de 360', '2028-08-28', 1025, 18, NULL, NULL, NULL, NULL),
(976, 'Prest Habitação', 'D', '135 de 360', '2028-09-28', 1025, 18, NULL, NULL, NULL, NULL),
(977, 'Prest Habitação', 'D', '136 de 360', '2028-10-28', 1025, 18, NULL, NULL, NULL, NULL),
(978, 'Prest Habitação', 'D', '137 de 360', '2028-11-28', 1025, 18, NULL, NULL, NULL, NULL),
(979, 'Prest Habitação', 'D', '138 de 360', '2028-12-28', 1025, 18, NULL, NULL, NULL, NULL),
(980, 'Prest Habitação', 'D', '139 de 360', '2029-01-28', 1025, 18, NULL, NULL, NULL, NULL),
(981, 'Prest Habitação', 'D', '140 de 360', '2029-02-28', 1025, 18, NULL, NULL, NULL, NULL),
(982, 'Prest Habitação', 'D', '141 de 360', '2029-03-28', 1025, 18, NULL, NULL, NULL, NULL),
(983, 'Prest Habitação', 'D', '142 de 360', '2029-04-28', 1025, 18, NULL, NULL, NULL, NULL),
(984, 'Prest Habitação', 'D', '143 de 360', '2029-05-28', 1025, 18, NULL, NULL, NULL, NULL),
(985, 'Prest Habitação', 'D', '144 de 360', '2029-06-28', 1025, 18, NULL, NULL, NULL, NULL),
(986, 'Prest Habitação', 'D', '145 de 360', '2029-07-28', 1025, 18, NULL, NULL, NULL, NULL),
(987, 'Prest Habitação', 'D', '146 de 360', '2029-08-28', 1025, 18, NULL, NULL, NULL, NULL),
(988, 'Prest Habitação', 'D', '147 de 360', '2029-09-28', 1025, 18, NULL, NULL, NULL, NULL),
(989, 'Prest Habitação', 'D', '148 de 360', '2029-10-28', 1025, 18, NULL, NULL, NULL, NULL),
(990, 'Prest Habitação', 'D', '149 de 360', '2029-11-28', 1025, 18, NULL, NULL, NULL, NULL),
(991, 'Prest Habitação', 'D', '150 de 360', '2029-12-28', 1025, 18, NULL, NULL, NULL, NULL),
(992, 'Prest Habitação', 'D', '151 de 360', '2030-01-28', 1025, 18, NULL, NULL, NULL, NULL),
(993, 'Prest Habitação', 'D', '152 de 360', '2030-02-28', 1025, 18, NULL, NULL, NULL, NULL),
(994, 'Prest Habitação', 'D', '153 de 360', '2030-03-28', 1025, 18, NULL, NULL, NULL, NULL),
(995, 'Prest Habitação', 'D', '154 de 360', '2030-04-28', 1025, 18, NULL, NULL, NULL, NULL),
(996, 'Prest Habitação', 'D', '155 de 360', '2030-05-28', 1025, 18, NULL, NULL, NULL, NULL),
(997, 'Prest Habitação', 'D', '156 de 360', '2030-06-28', 1025, 18, NULL, NULL, NULL, NULL),
(998, 'Prest Habitação', 'D', '157 de 360', '2030-07-28', 1025, 18, NULL, NULL, NULL, NULL),
(999, 'Prest Habitação', 'D', '158 de 360', '2030-08-28', 1025, 18, NULL, NULL, NULL, NULL),
(1000, 'Prest Habitação', 'D', '159 de 360', '2030-09-28', 1025, 18, NULL, NULL, NULL, NULL),
(1001, 'Prest Habitação', 'D', '160 de 360', '2030-10-28', 1025, 18, NULL, NULL, NULL, NULL),
(1002, 'Prest Habitação', 'D', '161 de 360', '2030-11-28', 1025, 18, NULL, NULL, NULL, NULL),
(1003, 'Prest Habitação', 'D', '162 de 360', '2030-12-28', 1025, 18, NULL, NULL, NULL, NULL),
(1004, 'Prest Habitação', 'D', '163 de 360', '2031-01-28', 1025, 18, NULL, NULL, NULL, NULL),
(1005, 'Prest Habitação', 'D', '164 de 360', '2031-02-28', 1025, 18, NULL, NULL, NULL, NULL),
(1006, 'Prest Habitação', 'D', '165 de 360', '2031-03-28', 1025, 18, NULL, NULL, NULL, NULL),
(1007, 'Prest Habitação', 'D', '166 de 360', '2031-04-28', 1025, 18, NULL, NULL, NULL, NULL),
(1008, 'Prest Habitação', 'D', '167 de 360', '2031-05-28', 1025, 18, NULL, NULL, NULL, NULL),
(1009, 'Prest Habitação', 'D', '168 de 360', '2031-06-28', 1025, 18, NULL, NULL, NULL, NULL),
(1010, 'Prest Habitação', 'D', '169 de 360', '2031-07-28', 1025, 18, NULL, NULL, NULL, NULL),
(1011, 'Prest Habitação', 'D', '170 de 360', '2031-08-28', 1025, 18, NULL, NULL, NULL, NULL),
(1012, 'Prest Habitação', 'D', '171 de 360', '2031-09-28', 1025, 18, NULL, NULL, NULL, NULL),
(1013, 'Prest Habitação', 'D', '172 de 360', '2031-10-28', 1025, 18, NULL, NULL, NULL, NULL),
(1014, 'Prest Habitação', 'D', '173 de 360', '2031-11-28', 1025, 18, NULL, NULL, NULL, NULL),
(1015, 'Prest Habitação', 'D', '174 de 360', '2031-12-28', 1025, 18, NULL, NULL, NULL, NULL),
(1016, 'Prest Habitação', 'D', '175 de 360', '2032-01-28', 1025, 18, NULL, NULL, NULL, NULL),
(1017, 'Prest Habitação', 'D', '176 de 360', '2032-02-28', 1025, 18, NULL, NULL, NULL, NULL),
(1018, 'Prest Habitação', 'D', '177 de 360', '2032-03-28', 1025, 18, NULL, NULL, NULL, NULL),
(1019, 'Prest Habitação', 'D', '178 de 360', '2032-04-28', 1025, 18, NULL, NULL, NULL, NULL),
(1020, 'Prest Habitação', 'D', '179 de 360', '2032-05-28', 1025, 18, NULL, NULL, NULL, NULL),
(1021, 'Prest Habitação', 'D', '180 de 360', '2032-06-28', 1025, 18, NULL, NULL, NULL, NULL),
(1022, 'Prest Habitação', 'D', '181 de 360', '2032-07-28', 1025, 18, NULL, NULL, NULL, NULL),
(1023, 'Prest Habitação', 'D', '182 de 360', '2032-08-28', 1025, 18, NULL, NULL, NULL, NULL),
(1024, 'Prest Habitação', 'D', '183 de 360', '2032-09-28', 1025, 18, NULL, NULL, NULL, NULL),
(1025, 'Prest Habitação', 'D', '184 de 360', '2032-10-28', 1025, 18, NULL, NULL, NULL, NULL),
(1026, 'Prest Habitação', 'D', '185 de 360', '2032-11-28', 1025, 18, NULL, NULL, NULL, NULL),
(1027, 'Prest Habitação', 'D', '186 de 360', '2032-12-28', 1025, 18, NULL, NULL, NULL, NULL),
(1028, 'Prest Habitação', 'D', '187 de 360', '2033-01-28', 1025, 18, NULL, NULL, NULL, NULL),
(1029, 'Prest Habitação', 'D', '188 de 360', '2033-02-28', 1025, 18, NULL, NULL, NULL, NULL),
(1030, 'Prest Habitação', 'D', '189 de 360', '2033-03-28', 1025, 18, NULL, NULL, NULL, NULL),
(1031, 'Prest Habitação', 'D', '190 de 360', '2033-04-28', 1025, 18, NULL, NULL, NULL, NULL),
(1032, 'Prest Habitação', 'D', '191 de 360', '2033-05-28', 1025, 18, NULL, NULL, NULL, NULL),
(1033, 'Prest Habitação', 'D', '192 de 360', '2033-06-28', 1025, 18, NULL, NULL, NULL, NULL),
(1034, 'Prest Habitação', 'D', '193 de 360', '2033-07-28', 1025, 18, NULL, NULL, NULL, NULL),
(1035, 'Prest Habitação', 'D', '194 de 360', '2033-08-28', 1025, 18, NULL, NULL, NULL, NULL),
(1036, 'Prest Habitação', 'D', '195 de 360', '2033-09-28', 1025, 18, NULL, NULL, NULL, NULL),
(1037, 'Prest Habitação', 'D', '196 de 360', '2033-10-28', 1025, 18, NULL, NULL, NULL, NULL),
(1038, 'Prest Habitação', 'D', '197 de 360', '2033-11-28', 1025, 18, NULL, NULL, NULL, NULL),
(1039, 'Prest Habitação', 'D', '198 de 360', '2033-12-28', 1025, 18, NULL, NULL, NULL, NULL),
(1040, 'Prest Habitação', 'D', '199 de 360', '2034-01-28', 1025, 18, NULL, NULL, NULL, NULL),
(1041, 'Prest Habitação', 'D', '200 de 360', '2034-02-28', 1025, 18, NULL, NULL, NULL, NULL),
(1042, 'Prest Habitação', 'D', '201 de 360', '2034-03-28', 1025, 18, NULL, NULL, NULL, NULL),
(1043, 'Prest Habitação', 'D', '202 de 360', '2034-04-28', 1025, 18, NULL, NULL, NULL, NULL),
(1044, 'Prest Habitação', 'D', '203 de 360', '2034-05-28', 1025, 18, NULL, NULL, NULL, NULL),
(1045, 'Prest Habitação', 'D', '204 de 360', '2034-06-28', 1025, 18, NULL, NULL, NULL, NULL),
(1046, 'Prest Habitação', 'D', '205 de 360', '2034-07-28', 1025, 18, NULL, NULL, NULL, NULL),
(1047, 'Prest Habitação', 'D', '206 de 360', '2034-08-28', 1025, 18, NULL, NULL, NULL, NULL),
(1048, 'Prest Habitação', 'D', '207 de 360', '2034-09-28', 1025, 18, NULL, NULL, NULL, NULL),
(1049, 'Prest Habitação', 'D', '208 de 360', '2034-10-28', 1025, 18, NULL, NULL, NULL, NULL),
(1050, 'Prest Habitação', 'D', '209 de 360', '2034-11-28', 1025, 18, NULL, NULL, NULL, NULL),
(1051, 'Prest Habitação', 'D', '210 de 360', '2034-12-28', 1025, 18, NULL, NULL, NULL, NULL),
(1052, 'Prest Habitação', 'D', '211 de 360', '2035-01-28', 1025, 18, NULL, NULL, NULL, NULL),
(1053, 'Prest Habitação', 'D', '212 de 360', '2035-02-28', 1025, 18, NULL, NULL, NULL, NULL),
(1054, 'Prest Habitação', 'D', '213 de 360', '2035-03-28', 1025, 18, NULL, NULL, NULL, NULL),
(1055, 'Prest Habitação', 'D', '214 de 360', '2035-04-28', 1025, 18, NULL, NULL, NULL, NULL),
(1056, 'Prest Habitação', 'D', '215 de 360', '2035-05-28', 1025, 18, NULL, NULL, NULL, NULL),
(1057, 'Prest Habitação', 'D', '216 de 360', '2035-06-28', 1025, 18, NULL, NULL, NULL, NULL),
(1058, 'Prest Habitação', 'D', '217 de 360', '2035-07-28', 1025, 18, NULL, NULL, NULL, NULL),
(1059, 'Prest Habitação', 'D', '218 de 360', '2035-08-28', 1025, 18, NULL, NULL, NULL, NULL),
(1060, 'Prest Habitação', 'D', '219 de 360', '2035-09-28', 1025, 18, NULL, NULL, NULL, NULL),
(1061, 'Prest Habitação', 'D', '220 de 360', '2035-10-28', 1025, 18, NULL, NULL, NULL, NULL),
(1062, 'Prest Habitação', 'D', '221 de 360', '2035-11-28', 1025, 18, NULL, NULL, NULL, NULL),
(1063, 'Prest Habitação', 'D', '222 de 360', '2035-12-28', 1025, 18, NULL, NULL, NULL, NULL),
(1064, 'Prest Habitação', 'D', '223 de 360', '2036-01-28', 1025, 18, NULL, NULL, NULL, NULL),
(1065, 'Prest Habitação', 'D', '224 de 360', '2036-02-28', 1025, 18, NULL, NULL, NULL, NULL),
(1066, 'Prest Habitação', 'D', '225 de 360', '2036-03-28', 1025, 18, NULL, NULL, NULL, NULL),
(1067, 'Prest Habitação', 'D', '226 de 360', '2036-04-28', 1025, 18, NULL, NULL, NULL, NULL),
(1068, 'Prest Habitação', 'D', '227 de 360', '2036-05-28', 1025, 18, NULL, NULL, NULL, NULL),
(1069, 'Prest Habitação', 'D', '228 de 360', '2036-06-28', 1025, 18, NULL, NULL, NULL, NULL),
(1070, 'Prest Habitação', 'D', '229 de 360', '2036-07-28', 1025, 18, NULL, NULL, NULL, NULL),
(1071, 'Prest Habitação', 'D', '230 de 360', '2036-08-28', 1025, 18, NULL, NULL, NULL, NULL),
(1072, 'Prest Habitação', 'D', '231 de 360', '2036-09-28', 1025, 18, NULL, NULL, NULL, NULL),
(1073, 'Prest Habitação', 'D', '232 de 360', '2036-10-28', 1025, 18, NULL, NULL, NULL, NULL),
(1074, 'Prest Habitação', 'D', '233 de 360', '2036-11-28', 1025, 18, NULL, NULL, NULL, NULL),
(1075, 'Prest Habitação', 'D', '234 de 360', '2036-12-28', 1025, 18, NULL, NULL, NULL, NULL),
(1076, 'Prest Habitação', 'D', '235 de 360', '2037-01-28', 1025, 18, NULL, NULL, NULL, NULL),
(1077, 'Prest Habitação', 'D', '236 de 360', '2037-02-28', 1025, 18, NULL, NULL, NULL, NULL),
(1078, 'Prest Habitação', 'D', '237 de 360', '2037-03-28', 1025, 18, NULL, NULL, NULL, NULL),
(1079, 'Prest Habitação', 'D', '238 de 360', '2037-04-28', 1025, 18, NULL, NULL, NULL, NULL),
(1080, 'Prest Habitação', 'D', '239 de 360', '2037-05-28', 1025, 18, NULL, NULL, NULL, NULL),
(1081, 'Prest Habitação', 'D', '240 de 360', '2037-06-28', 1025, 18, NULL, NULL, NULL, NULL),
(1082, 'Prest Habitação', 'D', '241 de 360', '2037-07-28', 1025, 18, NULL, NULL, NULL, NULL),
(1083, 'Prest Habitação', 'D', '242 de 360', '2037-08-28', 1025, 18, NULL, NULL, NULL, NULL),
(1084, 'Prest Habitação', 'D', '243 de 360', '2037-09-28', 1025, 18, NULL, NULL, NULL, NULL),
(1085, 'Prest Habitação', 'D', '244 de 360', '2037-10-28', 1025, 18, NULL, NULL, NULL, NULL),
(1086, 'Prest Habitação', 'D', '245 de 360', '2037-11-28', 1025, 18, NULL, NULL, NULL, NULL),
(1087, 'Prest Habitação', 'D', '246 de 360', '2037-12-28', 1025, 18, NULL, NULL, NULL, NULL),
(1088, 'Prest Habitação', 'D', '247 de 360', '2038-01-28', 1025, 18, NULL, NULL, NULL, NULL),
(1089, 'Prest Habitação', 'D', '248 de 360', '2038-02-28', 1025, 18, NULL, NULL, NULL, NULL),
(1090, 'Prest Habitação', 'D', '249 de 360', '2038-03-28', 1025, 18, NULL, NULL, NULL, NULL),
(1091, 'Prest Habitação', 'D', '250 de 360', '2038-04-28', 1025, 18, NULL, NULL, NULL, NULL),
(1092, 'Prest Habitação', 'D', '251 de 360', '2038-05-28', 1025, 18, NULL, NULL, NULL, NULL),
(1093, 'Prest Habitação', 'D', '252 de 360', '2038-06-28', 1025, 18, NULL, NULL, NULL, NULL),
(1094, 'Prest Habitação', 'D', '253 de 360', '2038-07-28', 1025, 18, NULL, NULL, NULL, NULL),
(1095, 'Prest Habitação', 'D', '254 de 360', '2038-08-28', 1025, 18, NULL, NULL, NULL, NULL),
(1096, 'Prest Habitação', 'D', '255 de 360', '2038-09-28', 1025, 18, NULL, NULL, NULL, NULL),
(1097, 'Prest Habitação', 'D', '256 de 360', '2038-10-28', 1025, 18, NULL, NULL, NULL, NULL),
(1098, 'Prest Habitação', 'D', '257 de 360', '2038-11-28', 1025, 18, NULL, NULL, NULL, NULL),
(1099, 'Prest Habitação', 'D', '258 de 360', '2038-12-28', 1025, 18, NULL, NULL, NULL, NULL),
(1100, 'Prest Habitação', 'D', '259 de 360', '2039-01-28', 1025, 18, NULL, NULL, NULL, NULL),
(1101, 'Prest Habitação', 'D', '260 de 360', '2039-02-28', 1025, 18, NULL, NULL, NULL, NULL),
(1102, 'Prest Habitação', 'D', '261 de 360', '2039-03-28', 1025, 18, NULL, NULL, NULL, NULL),
(1103, 'Prest Habitação', 'D', '262 de 360', '2039-04-28', 1025, 18, NULL, NULL, NULL, NULL),
(1104, 'Prest Habitação', 'D', '263 de 360', '2039-05-28', 1025, 18, NULL, NULL, NULL, NULL),
(1105, 'Prest Habitação', 'D', '264 de 360', '2039-06-28', 1025, 18, NULL, NULL, NULL, NULL),
(1106, 'Prest Habitação', 'D', '265 de 360', '2039-07-28', 1025, 18, NULL, NULL, NULL, NULL),
(1107, 'Prest Habitação', 'D', '266 de 360', '2039-08-28', 1025, 18, NULL, NULL, NULL, NULL),
(1108, 'Prest Habitação', 'D', '267 de 360', '2039-09-28', 1025, 18, NULL, NULL, NULL, NULL),
(1109, 'Prest Habitação', 'D', '268 de 360', '2039-10-28', 1025, 18, NULL, NULL, NULL, NULL),
(1110, 'Prest Habitação', 'D', '269 de 360', '2039-11-28', 1025, 18, NULL, NULL, NULL, NULL),
(1111, 'Prest Habitação', 'D', '270 de 360', '2039-12-28', 1025, 18, NULL, NULL, NULL, NULL),
(1112, 'Prest Habitação', 'D', '271 de 360', '2040-01-28', 1025, 18, NULL, NULL, NULL, NULL);
INSERT INTO `tb_lancamento` (`lan_id`, `lan_despesa`, `lan_tipo`, `lan_parcela`, `lan_vencimento`, `lan_valor`, `lan_categoria`, `lan_pagamento`, `lan_valor_pago`, `lan_conta`, `lan_observacao`) VALUES
(1113, 'Prest Habitação', 'D', '272 de 360', '2040-02-28', 1025, 18, NULL, NULL, NULL, NULL),
(1114, 'Prest Habitação', 'D', '273 de 360', '2040-03-28', 1025, 18, NULL, NULL, NULL, NULL),
(1115, 'Prest Habitação', 'D', '274 de 360', '2040-04-28', 1025, 18, NULL, NULL, NULL, NULL),
(1116, 'Prest Habitação', 'D', '275 de 360', '2040-05-28', 1025, 18, NULL, NULL, NULL, NULL),
(1117, 'Prest Habitação', 'D', '276 de 360', '2040-06-28', 1025, 18, NULL, NULL, NULL, NULL),
(1118, 'Prest Habitação', 'D', '277 de 360', '2040-07-28', 1025, 18, NULL, NULL, NULL, NULL),
(1119, 'Prest Habitação', 'D', '278 de 360', '2040-08-28', 1025, 18, NULL, NULL, NULL, NULL),
(1120, 'Prest Habitação', 'D', '279 de 360', '2040-09-28', 1025, 18, NULL, NULL, NULL, NULL),
(1121, 'Prest Habitação', 'D', '280 de 360', '2040-10-28', 1025, 18, NULL, NULL, NULL, NULL),
(1122, 'Prest Habitação', 'D', '281 de 360', '2040-11-28', 1025, 18, NULL, NULL, NULL, NULL),
(1123, 'Prest Habitação', 'D', '282 de 360', '2040-12-28', 1025, 18, NULL, NULL, NULL, NULL),
(1124, 'Prest Habitação', 'D', '283 de 360', '2041-01-28', 1025, 18, NULL, NULL, NULL, NULL),
(1125, 'Prest Habitação', 'D', '284 de 360', '2041-02-28', 1025, 18, NULL, NULL, NULL, NULL),
(1126, 'Prest Habitação', 'D', '285 de 360', '2041-03-28', 1025, 18, NULL, NULL, NULL, NULL),
(1127, 'Prest Habitação', 'D', '286 de 360', '2041-04-28', 1025, 18, NULL, NULL, NULL, NULL),
(1128, 'Prest Habitação', 'D', '287 de 360', '2041-05-28', 1025, 18, NULL, NULL, NULL, NULL),
(1129, 'Prest Habitação', 'D', '288 de 360', '2041-06-28', 1025, 18, NULL, NULL, NULL, NULL),
(1130, 'Prest Habitação', 'D', '289 de 360', '2041-07-28', 1025, 18, NULL, NULL, NULL, NULL),
(1131, 'Prest Habitação', 'D', '290 de 360', '2041-08-28', 1025, 18, NULL, NULL, NULL, NULL),
(1132, 'Prest Habitação', 'D', '291 de 360', '2041-09-28', 1025, 18, NULL, NULL, NULL, NULL),
(1133, 'Prest Habitação', 'D', '292 de 360', '2041-10-28', 1025, 18, NULL, NULL, NULL, NULL),
(1134, 'Prest Habitação', 'D', '293 de 360', '2041-11-28', 1025, 18, NULL, NULL, NULL, NULL),
(1135, 'Prest Habitação', 'D', '294 de 360', '2041-12-28', 1025, 18, NULL, NULL, NULL, NULL),
(1136, 'Prest Habitação', 'D', '295 de 360', '2042-01-28', 1025, 18, NULL, NULL, NULL, NULL),
(1137, 'Prest Habitação', 'D', '296 de 360', '2042-02-28', 1025, 18, NULL, NULL, NULL, NULL),
(1138, 'Prest Habitação', 'D', '297 de 360', '2042-03-28', 1025, 18, NULL, NULL, NULL, NULL),
(1139, 'Prest Habitação', 'D', '298 de 360', '2042-04-28', 1025, 18, NULL, NULL, NULL, NULL),
(1140, 'Prest Habitação', 'D', '299 de 360', '2042-05-28', 1025, 18, NULL, NULL, NULL, NULL),
(1141, 'Prest Habitação', 'D', '300 de 360', '2042-06-28', 1025, 18, NULL, NULL, NULL, NULL),
(1142, 'Prest Habitação', 'D', '301 de 360', '2042-07-28', 1025, 18, NULL, NULL, NULL, NULL),
(1143, 'Prest Habitação', 'D', '302 de 360', '2042-08-28', 1025, 18, NULL, NULL, NULL, NULL),
(1144, 'Prest Habitação', 'D', '303 de 360', '2042-09-28', 1025, 18, NULL, NULL, NULL, NULL),
(1145, 'Prest Habitação', 'D', '304 de 360', '2042-10-28', 1025, 18, NULL, NULL, NULL, NULL),
(1146, 'Prest Habitação', 'D', '305 de 360', '2042-11-28', 1025, 18, NULL, NULL, NULL, NULL),
(1147, 'Prest Habitação', 'D', '306 de 360', '2042-12-28', 1025, 18, NULL, NULL, NULL, NULL),
(1148, 'Prest Habitação', 'D', '307 de 360', '2043-01-28', 1025, 18, NULL, NULL, NULL, NULL),
(1149, 'Prest Habitação', 'D', '308 de 360', '2043-02-28', 1025, 18, NULL, NULL, NULL, NULL),
(1150, 'Prest Habitação', 'D', '309 de 360', '2043-03-28', 1025, 18, NULL, NULL, NULL, NULL),
(1151, 'Prest Habitação', 'D', '310 de 360', '2043-04-28', 1025, 18, NULL, NULL, NULL, NULL),
(1152, 'Prest Habitação', 'D', '311 de 360', '2043-05-28', 1025, 18, NULL, NULL, NULL, NULL),
(1153, 'Prest Habitação', 'D', '312 de 360', '2043-06-28', 1025, 18, NULL, NULL, NULL, NULL),
(1154, 'Prest Habitação', 'D', '313 de 360', '2043-07-28', 1025, 18, NULL, NULL, NULL, NULL),
(1155, 'Prest Habitação', 'D', '314 de 360', '2043-08-28', 1025, 18, NULL, NULL, NULL, NULL),
(1156, 'Prest Habitação', 'D', '315 de 360', '2043-09-28', 1025, 18, NULL, NULL, NULL, NULL),
(1157, 'Prest Habitação', 'D', '316 de 360', '2043-10-28', 1025, 18, NULL, NULL, NULL, NULL),
(1158, 'Prest Habitação', 'D', '317 de 360', '2043-11-28', 1025, 18, NULL, NULL, NULL, NULL),
(1159, 'Prest Habitação', 'D', '318 de 360', '2043-12-28', 1025, 18, NULL, NULL, NULL, NULL),
(1160, 'Prest Habitação', 'D', '319 de 360', '2044-01-28', 1025, 18, NULL, NULL, NULL, NULL),
(1161, 'Prest Habitação', 'D', '320 de 360', '2044-02-28', 1025, 18, NULL, NULL, NULL, NULL),
(1162, 'Prest Habitação', 'D', '321 de 360', '2044-03-28', 1025, 18, NULL, NULL, NULL, NULL),
(1163, 'Prest Habitação', 'D', '322 de 360', '2044-04-28', 1025, 18, NULL, NULL, NULL, NULL),
(1164, 'Prest Habitação', 'D', '323 de 360', '2044-05-28', 1025, 18, NULL, NULL, NULL, NULL),
(1165, 'Prest Habitação', 'D', '324 de 360', '2044-06-28', 1025, 18, NULL, NULL, NULL, NULL),
(1166, 'Prest Habitação', 'D', '325 de 360', '2044-07-28', 1025, 18, NULL, NULL, NULL, NULL),
(1167, 'Prest Habitação', 'D', '326 de 360', '2044-08-28', 1025, 18, NULL, NULL, NULL, NULL),
(1168, 'Prest Habitação', 'D', '327 de 360', '2044-09-28', 1025, 18, NULL, NULL, NULL, NULL),
(1169, 'Prest Habitação', 'D', '328 de 360', '2044-10-28', 1025, 18, NULL, NULL, NULL, NULL),
(1170, 'Prest Habitação', 'D', '329 de 360', '2044-11-28', 1025, 18, NULL, NULL, NULL, NULL),
(1171, 'Prest Habitação', 'D', '330 de 360', '2044-12-28', 1025, 18, NULL, NULL, NULL, NULL),
(1172, 'Prest Habitação', 'D', '331 de 360', '2045-01-28', 1025, 18, NULL, NULL, NULL, NULL),
(1173, 'Prest Habitação', 'D', '332 de 360', '2045-02-28', 1025, 18, NULL, NULL, NULL, NULL),
(1174, 'Prest Habitação', 'D', '333 de 360', '2045-03-28', 1025, 18, NULL, NULL, NULL, NULL),
(1175, 'Prest Habitação', 'D', '334 de 360', '2045-04-28', 1025, 18, NULL, NULL, NULL, NULL),
(1176, 'Prest Habitação', 'D', '335 de 360', '2045-05-28', 1025, 18, NULL, NULL, NULL, NULL),
(1177, 'Prest Habitação', 'D', '336 de 360', '2045-06-28', 1025, 18, NULL, NULL, NULL, NULL),
(1178, 'Prest Habitação', 'D', '337 de 360', '2045-07-28', 1025, 18, NULL, NULL, NULL, NULL),
(1179, 'Prest Habitação', 'D', '338 de 360', '2045-08-28', 1025, 18, NULL, NULL, NULL, NULL),
(1180, 'Prest Habitação', 'D', '339 de 360', '2045-09-28', 1025, 18, NULL, NULL, NULL, NULL),
(1181, 'Prest Habitação', 'D', '340 de 360', '2045-10-28', 1025, 18, NULL, NULL, NULL, NULL),
(1182, 'Prest Habitação', 'D', '341 de 360', '2045-11-28', 1025, 18, NULL, NULL, NULL, NULL),
(1183, 'Prest Habitação', 'D', '342 de 360', '2045-12-28', 1025, 18, NULL, NULL, NULL, NULL),
(1184, 'Prest Habitação', 'D', '343 de 360', '2046-01-28', 1025, 18, NULL, NULL, NULL, NULL),
(1185, 'Prest Habitação', 'D', '344 de 360', '2046-02-28', 1025, 18, NULL, NULL, NULL, NULL),
(1186, 'Prest Habitação', 'D', '345 de 360', '2046-03-28', 1025, 18, NULL, NULL, NULL, NULL),
(1187, 'Prest Habitação', 'D', '346 de 360', '2046-04-28', 1025, 18, NULL, NULL, NULL, NULL),
(1188, 'Prest Habitação', 'D', '347 de 360', '2046-05-28', 1025, 18, NULL, NULL, NULL, NULL),
(1189, 'Prest Habitação', 'D', '348 de 360', '2046-06-28', 1025, 18, NULL, NULL, NULL, NULL),
(1190, 'Prest Habitação', 'D', '349 de 360', '2046-07-28', 1025, 18, NULL, NULL, NULL, NULL),
(1191, 'Prest Habitação', 'D', '350 de 360', '2046-08-28', 1025, 18, NULL, NULL, NULL, NULL),
(1192, 'Prest Habitação', 'D', '351 de 360', '2046-09-28', 1025, 18, NULL, NULL, NULL, NULL),
(1193, 'Prest Habitação', 'D', '352 de 360', '2046-10-28', 1025, 18, NULL, NULL, NULL, NULL),
(1194, 'Prest Habitação', 'D', '353 de 360', '2046-11-28', 1025, 18, NULL, NULL, NULL, NULL),
(1195, 'Prest Habitação', 'D', '354 de 360', '2046-12-28', 1025, 18, NULL, NULL, NULL, NULL),
(1196, 'Prest Habitação', 'D', '355 de 360', '2047-01-28', 1025, 18, NULL, NULL, NULL, NULL),
(1197, 'Prest Habitação', 'D', '356 de 360', '2047-02-28', 1025, 18, NULL, NULL, NULL, NULL),
(1198, 'Prest Habitação', 'D', '357 de 360', '2047-03-28', 1025, 18, NULL, NULL, NULL, NULL),
(1199, 'Prest Habitação', 'D', '358 de 360', '2047-04-28', 1025, 18, NULL, NULL, NULL, NULL),
(1200, 'Prest Habitação', 'D', '359 de 360', '2047-05-28', 1025, 18, NULL, NULL, NULL, NULL),
(1201, 'Prest Habitação', 'D', '360 de 360', '2047-06-28', 1025, 18, NULL, NULL, NULL, NULL),
(1202, 'IPTU - Casa Mãe', 'D', '2 de 7', '2018-07-25', 112.69, 21, NULL, NULL, NULL, NULL),
(1203, 'IPTU - Casa Mãe', 'D', '3 de 7', '2018-08-25', 112.69, 21, NULL, NULL, NULL, NULL),
(1204, 'IPTU - Casa Mãe', 'D', '4 de 7', '2018-09-25', 112.69, 21, NULL, NULL, NULL, NULL),
(1205, 'IPTU - Casa Mãe', 'D', '5 de 7', '2018-10-25', 112.69, 21, NULL, NULL, NULL, NULL),
(1206, 'IPTU - Casa Mãe', 'D', '6 de 7', '2018-11-25', 112.69, 21, NULL, NULL, NULL, NULL),
(1207, 'IPTU - Casa Mãe', 'D', '7 de 7', '2018-12-25', 112.69, 21, NULL, NULL, NULL, NULL),
(1209, '[MAG] Lava e Seca', 'D', '2 de 24', '2018-07-16', 89.57, 27, NULL, NULL, NULL, NULL),
(1210, '[MAG] Lava e Seca', 'D', '3 de 24', '2018-08-16', 89.57, 27, NULL, NULL, NULL, NULL),
(1211, '[MAG] Lava e Seca', 'D', '4 de 24', '2018-09-16', 89.57, 27, NULL, NULL, NULL, NULL),
(1212, '[MAG] Lava e Seca', 'D', '5 de 24', '2018-10-16', 89.57, 27, NULL, NULL, NULL, NULL),
(1213, '[MAG] Lava e Seca', 'D', '6 de 24', '2018-11-16', 89.57, 27, NULL, NULL, NULL, NULL),
(1214, '[MAG] Lava e Seca', 'D', '7 de 24', '2018-12-16', 89.57, 27, NULL, NULL, NULL, NULL),
(1215, '[MAG] Lava e Seca', 'D', '8 de 24', '2019-01-16', 89.57, 27, NULL, NULL, NULL, NULL),
(1216, '[MAG] Lava e Seca', 'D', '9 de 24', '2019-02-16', 89.57, 27, NULL, NULL, NULL, NULL),
(1217, '[MAG] Lava e Seca', 'D', '10 de 24', '2019-03-16', 89.57, 27, NULL, NULL, NULL, NULL),
(1218, '[MAG] Lava e Seca', 'D', '11 de 24', '2019-04-16', 89.57, 27, NULL, NULL, NULL, NULL),
(1219, '[MAG] Lava e Seca', 'D', '12 de 24', '2019-05-16', 89.57, 27, NULL, NULL, NULL, NULL),
(1220, '[MAG] Lava e Seca', 'D', '13 de 24', '2019-06-16', 89.57, 27, NULL, NULL, NULL, NULL),
(1221, '[MAG] Lava e Seca', 'D', '14 de 24', '2019-07-16', 89.57, 27, NULL, NULL, NULL, NULL),
(1222, '[MAG] Lava e Seca', 'D', '15 de 24', '2019-08-16', 89.57, 27, NULL, NULL, NULL, NULL),
(1223, '[MAG] Lava e Seca', 'D', '16 de 24', '2019-09-16', 89.57, 27, NULL, NULL, NULL, NULL),
(1224, '[MAG] Lava e Seca', 'D', '17 de 24', '2019-10-16', 89.57, 27, NULL, NULL, NULL, NULL),
(1225, '[MAG] Lava e Seca', 'D', '18 de 24', '2019-11-16', 89.57, 27, NULL, NULL, NULL, NULL),
(1226, '[MAG] Lava e Seca', 'D', '19 de 24', '2019-12-16', 89.57, 27, NULL, NULL, NULL, NULL),
(1227, '[MAG] Lava e Seca', 'D', '20 de 24', '2020-01-16', 89.57, 27, NULL, NULL, NULL, NULL),
(1228, '[MAG] Lava e Seca', 'D', '21 de 24', '2020-02-16', 89.57, 27, NULL, NULL, NULL, NULL),
(1229, '[MAG] Lava e Seca', 'D', '22 de 24', '2020-03-16', 89.57, 27, NULL, NULL, NULL, NULL),
(1230, '[MAG] Lava e Seca', 'D', '23 de 24', '2020-04-16', 89.57, 27, NULL, NULL, NULL, NULL),
(1231, '[MAG] Lava e Seca', 'D', '24 de 24', '2020-05-16', 89.57, 27, NULL, NULL, NULL, NULL),
(1232, '[MAG] Curso Organize - Carla', 'D', '2 de 12', '2018-07-16', 145.85, 4, NULL, NULL, NULL, NULL),
(1233, '[MAG] Curso Organize - Carla', 'D', '3 de 12', '2018-08-16', 145.85, 4, NULL, NULL, NULL, NULL),
(1234, '[MAG] Curso Organize - Carla', 'D', '4 de 12', '2018-09-16', 145.85, 4, NULL, NULL, NULL, NULL),
(1235, '[MAG] Curso Organize - Carla', 'D', '5 de 12', '2018-10-16', 145.85, 4, NULL, NULL, NULL, NULL),
(1236, '[MAG] Curso Organize - Carla', 'D', '6 de 12', '2018-11-16', 145.85, 4, NULL, NULL, NULL, NULL),
(1237, '[MAG] Curso Organize - Carla', 'D', '7 de 12', '2018-12-16', 145.85, 4, NULL, NULL, NULL, NULL),
(1238, '[MAG] Curso Organize - Carla', 'D', '8 de 12', '2019-01-16', 145.85, 4, NULL, NULL, NULL, NULL),
(1239, '[MAG] Curso Organize - Carla', 'D', '9 de 12', '2019-02-16', 145.85, 4, NULL, NULL, NULL, NULL),
(1240, '[MAG] Curso Organize - Carla', 'D', '10 de 12', '2019-03-16', 145.85, 4, NULL, NULL, NULL, NULL),
(1241, '[MAG] Curso Organize - Carla', 'D', '11 de 12', '2019-04-16', 145.85, 4, NULL, NULL, NULL, NULL),
(1242, '[MAG] Curso Organize - Carla', 'D', '12 de 12', '2019-05-16', 145.85, 4, NULL, NULL, NULL, NULL),
(1243, '[MAG] Talita Andrare - Mesa Cozinha', 'D', '3 de 3', '2018-07-16', 200, 10, NULL, NULL, NULL, NULL),
(1244, '[MAG] [CALGARY] Aeroméxico', 'D', '7 de 11', '2018-07-16', 269.25, 27, NULL, NULL, NULL, NULL),
(1245, '[MAG] [CALGARY] Aeroméxico', 'D', '8 de 11', '2018-08-16', 269.25, 27, NULL, NULL, NULL, NULL),
(1246, '[MAG] [CALGARY] Aeroméxico', 'D', '9 de 11', '2018-09-16', 269.25, 27, NULL, NULL, NULL, NULL),
(1247, '[MAG] [CALGARY] Aeroméxico', 'D', '10 de 11', '2018-10-16', 269.25, 27, NULL, NULL, NULL, NULL),
(1248, '[MAG] [CALGARY] Aeroméxico', 'D', '11 de 11', '2018-11-16', 269.25, 27, NULL, NULL, NULL, NULL),
(1249, '[MAG] Lojas KD', 'D', '5 de 10', '2018-07-16', 163, 27, NULL, NULL, NULL, NULL),
(1250, '[MAG] Lojas KD', 'D', '6 de 10', '2018-08-16', 163, 27, NULL, NULL, NULL, NULL),
(1251, '[MAG] Lojas KD', 'D', '7 de 10', '2018-09-16', 163, 27, NULL, NULL, NULL, NULL),
(1252, '[MAG] Lojas KD', 'D', '8 de 10', '2018-10-16', 163, 27, NULL, NULL, NULL, NULL),
(1253, '[MAG] Lojas KD', 'D', '9 de 10', '2018-11-16', 163, 27, NULL, NULL, NULL, NULL),
(1254, '[MAG] Lojas KD', 'D', '10 de 10', '2018-12-16', 163, 27, NULL, NULL, NULL, NULL),
(1255, '[MAG] Serra Corte - ML', 'D', '4 de 6', '2018-07-16', 18.32, 27, NULL, NULL, NULL, NULL),
(1256, '[MAG] Serra Corte - ML', 'D', '5 de 6', '2018-08-16', 18.32, 27, NULL, NULL, NULL, NULL),
(1257, '[MAG] Serra Corte - ML', 'D', '6 de 6', '2018-09-16', 18.32, 27, NULL, NULL, NULL, NULL),
(1258, '[MAG] Bandini', 'D', '3 de 3', '2018-07-16', 55.95, 10, NULL, NULL, NULL, NULL),
(1259, '[MAG] Anuidade', 'D', NULL, '2018-07-16', 9.99, 38, NULL, NULL, NULL, NULL),
(1260, '[MAG] Combustível', 'D', NULL, '2018-07-16', 50, 7, NULL, NULL, NULL, NULL),
(1261, '[MAG] Formiguinha', 'D', NULL, '2018-07-16', 26.07, 23, NULL, NULL, NULL, NULL),
(1262, '[MAG] Burguer King', 'D', NULL, '2018-07-16', 27, 23, NULL, NULL, NULL, NULL),
(1263, '[MAG] Combustível', 'D', NULL, '2018-07-16', 123, 7, NULL, NULL, NULL, NULL),
(1264, '[MAG] Ração - Mineiro', 'D', NULL, '2018-07-16', 115.9, 3, NULL, NULL, NULL, NULL),
(1265, '[MAG] Shopping das Utilidades', 'D', NULL, '2018-07-16', 35.48, 8, NULL, NULL, NULL, NULL),
(1266, '[MAG] São Vicente', 'D', NULL, '2018-07-16', 38.16, 24, NULL, NULL, NULL, NULL),
(1267, '[MAG] RMTD Comércio', 'D', NULL, '2018-07-16', 10, 8, NULL, NULL, NULL, NULL),
(1268, '[MAG] Spani', 'D', NULL, '2018-07-16', 134.22, 24, NULL, NULL, NULL, NULL),
(1269, '[MAG] Bandini - Suporte TV', 'D', NULL, '2018-07-16', 66.83, 6, NULL, NULL, NULL, NULL),
(1270, '[MAG] Posto Sibéria', 'D', NULL, '2018-07-16', 70, 7, NULL, NULL, NULL, NULL),
(1271, '[NUB] Padovani - Remédios', 'D', '3 de 3', '2018-07-20', 35.23, 3, NULL, NULL, NULL, NULL),
(1272, '[NUB] Mercado Livre - Cabo iPhone', 'D', '3 de 6', '2018-07-20', 6.61, 8, NULL, NULL, NULL, NULL),
(1273, '[NUB] Mercado Livre - Cabo iPhone', 'D', '4 de 6', '2018-08-20', 6.61, 8, NULL, NULL, NULL, NULL),
(1274, '[NUB] Mercado Livre - Cabo iPhone', 'D', '5 de 6', '2018-09-20', 6.61, 8, NULL, NULL, NULL, NULL),
(1275, '[NUB] Mercado Livre - Cabo iPhone', 'D', '6 de 6', '2018-10-20', 6.61, 8, NULL, NULL, NULL, NULL),
(1276, '[NUB] Geladeira - Ponto Frio', 'D', '9 de 10', '2018-07-20', 189.9, 27, NULL, NULL, NULL, NULL),
(1277, '[NUB] Geladeira - Ponto Frio', 'D', '10 de 10', '2018-08-20', 189.9, 27, NULL, NULL, NULL, NULL),
(1278, '[NUB] Techshop - Cooktop', 'D', '5 de 5', '2018-07-20', 72.68, 27, NULL, NULL, NULL, NULL),
(1279, '[NUB] Lojas KD - Móveis', 'D', '5 de 10', '2018-07-20', 186.58, 27, NULL, NULL, NULL, NULL),
(1280, '[NUB] Lojas KD - Móveis', 'D', '6 de 10', '2018-08-20', 186.58, 27, NULL, NULL, NULL, NULL),
(1281, '[NUB] Lojas KD - Móveis', 'D', '7 de 10', '2018-09-20', 186.58, 27, NULL, NULL, NULL, NULL),
(1282, '[NUB] Lojas KD - Móveis', 'D', '8 de 10', '2018-10-20', 186.58, 27, NULL, NULL, NULL, NULL),
(1283, '[NUB] Lojas KD - Móveis', 'D', '9 de 10', '2018-11-20', 186.58, 27, NULL, NULL, NULL, NULL),
(1284, '[NUB] Lojas KD - Móveis', 'D', '10 de 10', '2018-12-20', 186.58, 27, NULL, NULL, NULL, NULL),
(1285, '[NUB] Bandini - Pia Banheiro', 'D', '4 de 6', '2018-07-20', 136.11, 27, NULL, NULL, NULL, NULL),
(1286, '[NUB] Bandini - Pia Banheiro', 'D', '5 de 6', '2018-08-20', 136.11, 27, NULL, NULL, NULL, NULL),
(1287, '[NUB] Bandini - Pia Banheiro', 'D', '6 de 6', '2018-09-20', 136.11, 27, NULL, NULL, NULL, NULL),
(1288, '[NUB] Mercado Livre - Varal', 'D', '3 de 6', '2018-07-20', 14.8, 6, NULL, NULL, NULL, NULL),
(1289, '[NUB] Mercado Livre - Varal', 'D', '4 de 6', '2018-08-20', 14.8, 6, NULL, NULL, NULL, NULL),
(1290, '[NUB] Mercado Livre - Varal', 'D', '5 de 6', '2018-09-20', 14.8, 6, NULL, NULL, NULL, NULL),
(1291, '[NUB] Mercado Livre - Varal', 'D', '6 de 6', '2018-10-20', 14.8, 6, NULL, NULL, NULL, NULL),
(1292, '[NUB] Mercado Livre - Gabinete PC', 'D', '3 de 10', '2018-07-20', 13.53, 8, NULL, NULL, NULL, NULL),
(1293, '[NUB] Mercado Livre - Gabinete PC', 'D', '4 de 10', '2018-08-20', 13.53, 8, NULL, NULL, NULL, NULL),
(1294, '[NUB] Mercado Livre - Gabinete PC', 'D', '5 de 10', '2018-09-20', 13.53, 8, NULL, NULL, NULL, NULL),
(1295, '[NUB] Mercado Livre - Gabinete PC', 'D', '6 de 10', '2018-10-20', 13.53, 8, NULL, NULL, NULL, NULL),
(1296, '[NUB] Mercado Livre - Gabinete PC', 'D', '7 de 10', '2018-11-20', 13.53, 8, NULL, NULL, NULL, NULL),
(1297, '[NUB] Mercado Livre - Gabinete PC', 'D', '8 de 10', '2018-12-20', 13.53, 8, NULL, NULL, NULL, NULL),
(1298, '[NUB] Mercado Livre - Gabinete PC', 'D', '9 de 10', '2019-01-20', 13.53, 8, NULL, NULL, NULL, NULL),
(1299, '[NUB] Mercado Livre - Gabinete PC', 'D', '10 de 10', '2019-02-20', 13.53, 8, NULL, NULL, NULL, NULL),
(1300, '[NUB] Mercado Livre - Repetidor', 'D', '3 de 4', '2018-07-20', 11.97, 8, NULL, NULL, NULL, NULL),
(1301, '[NUB] Mercado Livre - Repetidor', 'D', '4 de 4', '2018-08-20', 11.97, 8, NULL, NULL, NULL, NULL),
(1302, '[NUB] Farmácia São Vicente', 'D', '2 de 2', '2018-07-20', 54.14, 15, NULL, NULL, NULL, NULL),
(1303, '[NUB] Apoquel - ML', 'D', '1 de 3', '2018-07-20', 109.85, 3, NULL, NULL, NULL, NULL),
(1304, '[NUB] Apoquel - ML', 'D', '2 de 3', '2018-08-20', 109.85, 3, NULL, NULL, NULL, NULL),
(1305, '[NUB] Apoquel - ML', 'D', '3 de 3', '2018-09-20', 109.85, 3, NULL, NULL, NULL, NULL),
(1306, '[NUB] Riot Games', 'D', NULL, '2018-07-20', 23.5, 23, NULL, NULL, NULL, NULL),
(1307, '[NUB] Mais Saude', 'D', NULL, '2018-07-20', 50, 15, NULL, NULL, NULL, NULL),
(1308, '[NUB] Mais Saude', 'D', NULL, '2018-07-20', 40, 15, NULL, NULL, NULL, NULL),
(1309, '[NUB] iFood - Marmita', 'D', NULL, '2018-07-20', 14, 24, NULL, NULL, NULL, NULL),
(1310, '[NUB] Spotify', 'D', NULL, '2018-07-20', 26.9, 20, NULL, NULL, NULL, NULL),
(1311, '[NUB] Universoonline', 'D', NULL, '2018-07-20', 24.14, 37, NULL, NULL, NULL, NULL),
(1312, '[NUB] Shopping da Utilidade', 'D', NULL, '2018-07-20', 25.92, 8, NULL, NULL, NULL, NULL),
(1313, '[NUB] Spani Atacadista', 'D', NULL, '2018-07-20', 194, 24, NULL, NULL, NULL, NULL),
(1314, '[NUB] Bandini', 'D', NULL, '2018-07-20', 69, 10, NULL, NULL, NULL, NULL),
(1315, '[NUB] Spani Atacadista', 'D', NULL, '2018-07-20', 41.64, 24, NULL, NULL, NULL, NULL),
(1316, '[NUB] Posto Sibéria', 'D', NULL, '2018-07-20', 96, 7, NULL, NULL, NULL, NULL),
(1317, '[NUB] Uber', 'D', NULL, '2018-07-20', 24.92, 8, NULL, NULL, NULL, NULL),
(1318, '[NUB] Variação Cambial', 'D', NULL, '2018-07-20', 1.29, 38, NULL, NULL, NULL, NULL),
(1319, '[NUB] Restaurante Parmeggiana', 'D', NULL, '2018-07-20', 54, 23, NULL, NULL, NULL, NULL),
(1320, '[NUB] Steamgames - Bola', 'D', NULL, '2018-07-20', 3.93, 25, NULL, NULL, NULL, NULL),
(1321, '[NUB] Mc Donalds - Tivoli', 'D', NULL, '2018-07-20', 9.5, 23, NULL, NULL, NULL, NULL),
(1322, '[NUB] Kalunga - Cascorez', 'D', NULL, '2018-07-20', 21.9, 4, NULL, NULL, NULL, NULL),
(1323, '[NUB] Agropet Mineiro - Graminha', 'D', NULL, '2018-07-20', 74.9, 3, NULL, NULL, NULL, NULL),
(1324, '[NUB] IOF Steamgames - Bola', 'D', NULL, '2018-07-20', 0.25, 25, NULL, NULL, NULL, NULL),
(1325, '[NUB] iFood - Pizza', 'D', NULL, '2018-07-20', 41.5, 23, NULL, NULL, NULL, '***'),
(1326, '[CAR] Guarda Roupa', 'D', '4 de 10', '2018-07-25', 134.23, 27, NULL, NULL, NULL, NULL),
(1327, '[CAR] Guarda Roupa', 'D', '5 de 10', '2018-08-25', 134.23, 27, NULL, NULL, NULL, NULL),
(1328, '[CAR] Guarda Roupa', 'D', '6 de 10', '2018-09-25', 134.23, 27, NULL, NULL, NULL, NULL),
(1329, '[CAR] Guarda Roupa', 'D', '7 de 10', '2018-10-25', 134.23, 27, NULL, NULL, NULL, NULL),
(1330, '[CAR] Guarda Roupa', 'D', '8 de 10', '2018-11-25', 134.23, 27, NULL, NULL, NULL, NULL),
(1331, '[CAR] Guarda Roupa', 'D', '9 de 10', '2018-12-25', 134.23, 27, NULL, NULL, NULL, NULL),
(1332, '[CAR] Guarda Roupa', 'D', '10 de 10', '2019-01-25', 134.23, 27, NULL, NULL, NULL, NULL),
(1333, '[CAR] Curso/Material organização', 'D', '4 de 12', '2018-07-25', 28.94, 4, NULL, NULL, NULL, NULL),
(1334, '[CAR] Curso/Material organização', 'D', '5 de 12', '2018-08-25', 28.94, 4, NULL, NULL, NULL, NULL),
(1335, '[CAR] Curso/Material organização', 'D', '6 de 12', '2018-09-25', 28.94, 4, NULL, NULL, NULL, NULL),
(1336, '[CAR] Curso/Material organização', 'D', '7 de 12', '2018-10-25', 28.94, 4, NULL, NULL, NULL, NULL),
(1337, '[CAR] Curso/Material organização', 'D', '8 de 12', '2018-11-25', 28.94, 4, NULL, NULL, NULL, NULL),
(1338, '[CAR] Curso/Material organização', 'D', '9 de 12', '2018-12-25', 28.94, 4, NULL, NULL, NULL, NULL),
(1339, '[CAR] Curso/Material organização', 'D', '10 de 12', '2019-01-25', 28.94, 4, NULL, NULL, NULL, NULL),
(1340, '[CAR] Curso/Material organização', 'D', '11 de 12', '2019-02-25', 28.94, 4, NULL, NULL, NULL, NULL),
(1341, '[CAR] Curso/Material organização', 'D', '12 de 12', '2019-03-25', 28.94, 4, NULL, NULL, NULL, NULL),
(1342, '[CAR] Danny Cosméticos', 'D', '3 de 3', '2018-07-25', 37.48, 4, NULL, NULL, NULL, NULL),
(1343, '[CAR] Presente Tati', 'D', NULL, '2018-07-25', 62.5, 4, NULL, NULL, NULL, NULL),
(1344, '[CAR] Utilidades SOB', 'D', NULL, '2018-07-25', 30.15, 6, NULL, NULL, NULL, NULL),
(1345, '[CAR] Taty Utilidades - Papel Adesivo', 'D', NULL, '2018-07-25', 20, 6, NULL, NULL, NULL, NULL),
(1346, '[CAR] Ifood - Esfihas', 'D', NULL, '2018-07-25', 34.41, 24, NULL, NULL, NULL, NULL),
(1347, '[CAR] Sapatos', 'D', '1 de 3', '2018-07-25', 49.75, 4, NULL, NULL, NULL, NULL),
(1348, '[CAR] Sapatos', 'D', '2 de 3', '2018-08-25', 49.75, 4, NULL, NULL, NULL, NULL),
(1349, '[CAR] Sapatos', 'D', '3 de 3', '2018-09-25', 49.75, 4, NULL, NULL, NULL, NULL);

-- --------------------------------------------------------

--
-- Table structure for table `tb_menu`
--

CREATE TABLE `tb_menu` (
  `men_id` int(11) NOT NULL,
  `men_descricao` varchar(35) NOT NULL,
  `men_controller` varchar(50) NOT NULL,
  `men_action` varchar(50) NOT NULL,
  `men_vars` varchar(100) DEFAULT NULL,
  `men_id_pai` int(11) DEFAULT NULL,
  `men_ativo` tinyint(1) NOT NULL DEFAULT '1',
  `men_icon` varchar(50) DEFAULT NULL,
  `men_order` int(11) NOT NULL DEFAULT '1'
) ENGINE=InnoDB DEFAULT CHARSET=utf8;

--
-- Dumping data for table `tb_menu`
--

INSERT INTO `tb_menu` (`men_id`, `men_descricao`, `men_controller`, `men_action`, `men_vars`, `men_id_pai`, `men_ativo`, `men_icon`, `men_order`) VALUES
(1, 'Início', 'Start', 'index', NULL, NULL, 1, '<i class=\"icon icon-home\"></i>', 0),
(13, 'Relatórios', 'Relatorio', 'index', NULL, NULL, 1, '<i class=\"icon icon-print\"></i>', 6),
(15, 'Lançamentos', 'Lancamentos', 'index', NULL, NULL, 1, '<i class=\"icon icon-money\"></i>', 1);

-- --------------------------------------------------------

--
-- Table structure for table `tb_meta_despesa`
--

CREATE TABLE `tb_meta_despesa` (
  `mdp_id` int(11) NOT NULL,
  `mdp_despesa` int(11) NOT NULL,
  `mdp_mes` char(2) NOT NULL,
  `mdp_ano` char(4) NOT NULL,
  `mdp_valor` double NOT NULL
) ENGINE=InnoDB DEFAULT CHARSET=utf8;

--
-- Dumping data for table `tb_meta_despesa`
--

INSERT INTO `tb_meta_despesa` (`mdp_id`, `mdp_despesa`, `mdp_mes`, `mdp_ano`, `mdp_valor`) VALUES
(3, 1, '5', '2018', 45),
(4, 2, '5', '2018', 0),
(5, 3, '5', '2018', 218),
(6, 4, '5', '2018', 150),
(7, 5, '5', '2018', 0),
(8, 6, '5', '2018', 0),
(9, 7, '5', '2018', 400),
(10, 8, '5', '2018', 100),
(11, 9, '5', '2018', 416),
(12, 10, '5', '2018', 0),
(13, 11, '5', '2018', 12),
(14, 12, '5', '2018', 60),
(15, 13, '5', '2018', 36.6),
(16, 14, '5', '2018', 30),
(17, 15, '5', '2018', 100),
(18, 16, '5', '2018', 0),
(19, 17, '5', '2018', 0),
(20, 18, '5', '2018', 647),
(21, 19, '5', '2018', 324),
(22, 20, '5', '2018', 200.26),
(23, 21, '5', '2018', 100),
(24, 22, '5', '2018', 40),
(25, 23, '5', '2018', 300),
(26, 24, '5', '2018', 750),
(27, 26, '5', '2018', 100),
(28, 27, '5', '2018', 1926.58),
(29, 28, '5', '2018', 182.79),
(30, 29, '5', '2018', 0),
(31, 30, '5', '2018', 7100),
(32, 31, '5', '2018', 0),
(33, 32, '5', '2018', 0),
(34, 33, '5', '2018', 0),
(35, 34, '5', '2018', 0),
(36, 35, '5', '2018', 5),
(37, 36, '5', '2018', 0),
(38, 37, '5', '2018', 80),
(39, 38, '5', '2018', 10),
(40, 39, '5', '2018', 50),
(41, 41, '5', '2018', 30),
(42, 40, '5', '2018', 0),
(43, 1, '7', '2018', 38.43),
(44, 2, '7', '2018', 0),
(45, 9, '7', '2018', 242),
(46, 14, '7', '2018', 70.18),
(47, 18, '7', '2018', 636.25),
(48, 19, '7', '2018', 323.26),
(49, 20, '7', '2018', 153.26),
(50, 21, '7', '2018', 0),
(51, 22, '7', '2018', 39.14),
(52, 26, '7', '2018', 100),
(53, 27, '7', '2018', 1728),
(54, 36, '7', '2018', 0),
(55, 41, '7', '2018', 27.9),
(56, 3, '7', '2018', 100),
(57, 4, '7', '2018', 150),
(58, 5, '7', '2018', 0),
(59, 6, '7', '2018', 0),
(60, 7, '7', '2018', 400),
(61, 8, '7', '2018', 905.19),
(62, 10, '7', '2018', 0),
(63, 12, '7', '2018', 60),
(64, 15, '7', '2018', 100),
(65, 16, '7', '2018', 0),
(66, 17, '7', '2018', 0),
(67, 23, '7', '2018', 300),
(68, 24, '7', '2018', 750),
(69, 25, '7', '2018', 0),
(70, 29, '7', '2018', 0),
(71, 32, '7', '2018', 0),
(72, 37, '7', '2018', 80),
(73, 38, '7', '2018', 10),
(74, 39, '7', '2018', 50),
(75, 40, '7', '2018', 0),
(76, 11, '7', '2018', 12),
(77, 13, '7', '2018', 36.6),
(78, 28, '7', '2018', 182.79),
(79, 31, '7', '2018', 0),
(80, 34, '7', '2018', 0),
(81, 33, '7', '2018', 0),
(82, 35, '7', '2018', 5);

-- --------------------------------------------------------

--
-- Table structure for table `tb_usuario`
--

CREATE TABLE `tb_usuario` (
  `usu_id` int(10) NOT NULL,
  `usu_login` varchar(40) NOT NULL,
  `usu_senha` varchar(40) NOT NULL,
  `usu_nome` varchar(50) DEFAULT NULL,
  `usu_sobrenome` varchar(50) DEFAULT NULL,
  `usu_email` varchar(100) DEFAULT NULL,
  `usu_ativo` tinyint(1) NOT NULL DEFAULT '1'
) ENGINE=InnoDB DEFAULT CHARSET=utf8;

--
-- Dumping data for table `tb_usuario`
--

INSERT INTO `tb_usuario` (`usu_id`, `usu_login`, `usu_senha`, `usu_nome`, `usu_sobrenome`, `usu_email`, `usu_ativo`) VALUES
(1, 'admin', '213299609efe85beef603ede5c10a508', 'Admin', NULL, 'nixlovemi@gmail.com', 1),
(2, 'leandro', '213299609efe85beef603ede5c10a508', 'Leandro', 'Parra', 'nixlovemi@gmail.com', 1);

--
-- Indexes for dumped tables
--

--
-- Indexes for table `tb_base_despesa`
--
ALTER TABLE `tb_base_despesa`
  ADD PRIMARY KEY (`bdp_id`),
  ADD UNIQUE KEY `bdp_descricao_tipo` (`bdp_descricao`,`bdp_tipo`);

--
-- Indexes for table `tb_conta`
--
ALTER TABLE `tb_conta`
  ADD PRIMARY KEY (`con_id`),
  ADD UNIQUE KEY `idx_con_sigla` (`con_sigla`);

--
-- Indexes for table `tb_lancamento`
--
ALTER TABLE `tb_lancamento`
  ADD PRIMARY KEY (`lan_id`),
  ADD KEY `fk_lan_conta` (`lan_conta`),
  ADD KEY `fk_lan_categoria` (`lan_categoria`);

--
-- Indexes for table `tb_menu`
--
ALTER TABLE `tb_menu`
  ADD PRIMARY KEY (`men_id`);

--
-- Indexes for table `tb_meta_despesa`
--
ALTER TABLE `tb_meta_despesa`
  ADD PRIMARY KEY (`mdp_id`),
  ADD UNIQUE KEY `idx_despesa_mes_ano` (`mdp_despesa`,`mdp_mes`,`mdp_ano`);

--
-- Indexes for table `tb_usuario`
--
ALTER TABLE `tb_usuario`
  ADD PRIMARY KEY (`usu_id`),
  ADD UNIQUE KEY `usu_id` (`usu_id`),
  ADD UNIQUE KEY `uk_usu_login` (`usu_login`);

--
-- AUTO_INCREMENT for dumped tables
--

--
-- AUTO_INCREMENT for table `tb_base_despesa`
--
ALTER TABLE `tb_base_despesa`
  MODIFY `bdp_id` int(11) NOT NULL AUTO_INCREMENT, AUTO_INCREMENT=42;

--
-- AUTO_INCREMENT for table `tb_conta`
--
ALTER TABLE `tb_conta`
  MODIFY `con_id` int(11) NOT NULL AUTO_INCREMENT, AUTO_INCREMENT=6;

--
-- AUTO_INCREMENT for table `tb_lancamento`
--
ALTER TABLE `tb_lancamento`
  MODIFY `lan_id` int(11) NOT NULL AUTO_INCREMENT, AUTO_INCREMENT=1350;

--
-- AUTO_INCREMENT for table `tb_menu`
--
ALTER TABLE `tb_menu`
  MODIFY `men_id` int(11) NOT NULL AUTO_INCREMENT, AUTO_INCREMENT=16;

--
-- AUTO_INCREMENT for table `tb_meta_despesa`
--
ALTER TABLE `tb_meta_despesa`
  MODIFY `mdp_id` int(11) NOT NULL AUTO_INCREMENT, AUTO_INCREMENT=83;

--
-- AUTO_INCREMENT for table `tb_usuario`
--
ALTER TABLE `tb_usuario`
  MODIFY `usu_id` int(10) NOT NULL AUTO_INCREMENT, AUTO_INCREMENT=3;

--
-- Constraints for dumped tables
--

--
-- Constraints for table `tb_lancamento`
--
ALTER TABLE `tb_lancamento`
  ADD CONSTRAINT `fk_lan_categoria` FOREIGN KEY (`lan_categoria`) REFERENCES `tb_base_despesa` (`bdp_id`) ON UPDATE CASCADE,
  ADD CONSTRAINT `fk_lan_conta` FOREIGN KEY (`lan_conta`) REFERENCES `tb_conta` (`con_id`) ON UPDATE CASCADE;

--
-- Constraints for table `tb_meta_despesa`
--
ALTER TABLE `tb_meta_despesa`
  ADD CONSTRAINT `fk_mdp_despesa` FOREIGN KEY (`mdp_despesa`) REFERENCES `tb_base_despesa` (`bdp_id`) ON UPDATE CASCADE;
COMMIT;

/*!40101 SET CHARACTER_SET_CLIENT=@OLD_CHARACTER_SET_CLIENT */;
/*!40101 SET CHARACTER_SET_RESULTS=@OLD_CHARACTER_SET_RESULTS */;
/*!40101 SET COLLATION_CONNECTION=@OLD_COLLATION_CONNECTION */;
